[{"visitDate":"2020-02-22","visitStartTimeStamp":"2020-02-22 16:19:05","visitEndTimeStamp":"2020-02-22 16:19:11","firstSignInStartTimeStamp":"2020-02-22 16:19:05","firstSignInEndTimeStamp":"2020-02-22 16:19:11","dailySignInAttempts":1,"createAccountProcessSuccess":false,"accountRecoveryPageLoaded":false,"dailyAccountRecoveryAttempts":0,"accountManagerFullNameUpdated":false,"accountManagerUserIdUpdated":false,"accountManagerEmailUpdated":false,"accountManagerPhoneUpdated":false},{"visitDate":"2020-02-19","visitStartTimeStamp":"2020-02-19 05:26:58","visitEndTimeStamp":"2020-02-19 05:29:50","firstSignInStartTimeStamp":"2020-02-19 05:26:58","firstSignInEndTimeStamp":"2020-02-19 05:29:50","dailySignInAttempts":1,"createAccountProcessSuccess":false,"accountRecoveryPageLoaded":false,"dailyAccountRecoveryAttempts":0,"accountManagerFullNameUpdated":false,"accountManagerUserIdUpdated":false,"accountManagerEmailUpdated":false,"accountManagerPhoneUpdated":false},{"visitDate":"2020-02-09","visitStartTimeStamp":"2020-02-09 06:12:36","visitEndTimeStamp":"2020-02-09 06:18:22","firstSignInStartTimeStamp":"2020-02-09 06:12:36","firstSignInEndTimeStamp":"2020-02-09 06:18:22","dailySignInAttempts":1,"createAccountProcessSuccess":false,"accountRecoveryPageLoaded":false,"dailyAccountRecoveryAttempts":0,"accountManagerFullNameUpdated":false,"accountManagerUserIdUpdated":false,"accountManagerEmailUpdated":false,"accountManagerPhoneUpdated":false},{"visitDate":"2019-08-08","visitStartTimeStamp":"2019-08-08 07:52:03","visitEndTimeStamp":"2019-08-08 07:59:51","firstSignInStartTimeStamp":"2019-08-08 07:52:03","firstSignInEndTimeStamp":"2019-08-08 07:59:51","dailySignInAttempts":1,"createAccountProcessSuccess":false,"accountRecoveryPageLoaded":false,"dailyAccountRecoveryAttempts":0,"accountManagerFullNameUpdated":false,"accountManagerUserIdUpdated":false,"accountManagerEmailUpdated":false,"accountManagerPhoneUpdated":false},{"visitDate":"2019-03-23","visitStartTimeStamp":"2019-03-23 01:53:16","visitEndTimeStamp":"2019-03-23 01:55:05","firstSignInStartTimeStamp":"2019-03-23 01:53:16","firstSignInEndTimeStamp":"2019-03-23 01:55:05","dailySignInAttempts":1,"createAccountProcessSuccess":false,"accountRecoveryPageLoaded":false,"dailyAccountRecoveryAttempts":0,"accountManagerFullNameUpdated":false,"accountManagerUserIdUpdated":false,"accountManagerEmailUpdated":false,"accountManagerPhoneUpdated":false},{"visitDate":"2019-02-22","visitStartTimeStamp":"2019-02-22 12:42:40","visitEndTimeStamp":"2019-02-22 12:44:15","firstSignInStartTimeStamp":"2019-02-22 12:42:40","firstSignInEndTimeStamp":"2019-02-22 12:44:15","dailySignInAttempts":1,"createAccountProcessSuccess":false,"accountRecoveryPageLoaded":false,"dailyAccountRecoveryAttempts":0,"accountManagerFullNameUpdated":false,"accountManagerUserIdUpdated":false,"accountManagerEmailUpdated":false,"accountManagerPhoneUpdated":false},{"visitDate":"2019-02-22","visitStartTimeStamp":"2019-02-22 06:08:08","visitEndTimeStamp":"2019-02-22 06:08:54","firstSignInStartTimeStamp":"2019-02-22 06:08:08","firstSignInEndTimeStamp":"2019-02-22 06:08:54","dailySignInAttempts":1,"createAccountProcessSuccess":false,"accountRecoveryPageLoaded":false,"dailyAccountRecoveryAttempts":0,"accountManagerFullNameUpdated":false,"accountManagerUserIdUpdated":false,"accountManagerEmailUpdated":false,"accountManagerPhoneUpdated":false},{"visitDate":"2019-02-20","visitStartTimeStamp":"2019-02-20 06:39:06","visitEndTimeStamp":"2019-02-20 06:40:06","firstSignInStartTimeStamp":"2019-02-20 06:39:06","firstSignInEndTimeStamp":"2019-02-20 06:40:06","dailySignInAttempts":1,"createAccountProcessSuccess":false,"accountRecoveryPageLoaded":false,"dailyAccountRecoveryAttempts":0,"accountManagerFullNameUpdated":false,"accountManagerUserIdUpdated":false,"accountManagerEmailUpdated":false,"accountManagerPhoneUpdated":false},{"visitDate":"2019-02-13","visitStartTimeStamp":"2019-02-13 05:43:06","visitEndTimeStamp":"2019-02-13 05:43:23","firstSignInStartTimeStamp":"2019-02-13 05:43:06","firstSignInEndTimeStamp":"2019-02-13 05:43:23","dailySignInAttempts":1,"createAccountProcessSuccess":false,"accountRecoveryPageLoaded":false,"dailyAccountRecoveryAttempts":0,"accountManagerFullNameUpdated":false,"accountManagerUserIdUpdated":false,"accountManagerEmailUpdated":false,"accountManagerPhoneUpdated":false},{"visitDate":"2019-02-12","visitStartTimeStamp":"2019-02-12 14:21:24","visitEndTimeStamp":"2019-02-12 14:23:07","firstSignInStartTimeStamp":"2019-02-12 14:21:24","firstSignInEndTimeStamp":"2019-02-12 14:23:07","dailySignInAttempts":1,"createAccountProcessSuccess":false,"accountRecoveryPageLoaded":false,"dailyAccountRecoveryAttempts":0,"accountManagerFullNameUpdated":false,"accountManagerUserIdUpdated":false,"accountManagerEmailUpdated":false,"accountManagerPhoneUpdated":false},{"visitDate":"2019-02-11","visitStartTimeStamp":"2019-02-11 13:20:30","visitEndTimeStamp":"2019-02-11 13:55:28","firstSignInStartTimeStamp":"2019-02-11 13:20:30","firstSignInEndTimeStamp":"2019-02-11 13:55:28","dailySignInAttempts":1,"createAccountProcessSuccess":false,"accountRecoveryPageLoaded":false,"dailyAccountRecoveryAttempts":0,"accountManagerFullNameUpdated":false,"accountManagerUserIdUpdated":false,"accountManagerEmailUpdated":false,"accountManagerPhoneUpdated":false},{"visitDate":"2019-02-07","visitStartTimeStamp":"2019-02-07 05:49:58","visitEndTimeStamp":"2019-02-07 05:57:35","firstSignInStartTimeStamp":"2019-02-07 05:49:58","firstSignInEndTimeStamp":"2019-02-07 05:57:35","dailySignInAttempts":1,"createAccountProcessSuccess":false,"accountRecoveryPageLoaded":false,"dailyAccountRecoveryAttempts":0,"accountManagerFullNameUpdated":false,"accountManagerUserIdUpdated":false,"accountManagerEmailUpdated":false,"accountManagerPhoneUpdated":false},{"visitDate":"2019-02-03","visitStartTimeStamp":"2019-02-03 22:29:59","visitEndTimeStamp":"2019-02-03 22:30:17","firstSignInStartTimeStamp":"2019-02-03 22:29:59","firstSignInEndTimeStamp":"2019-02-03 22:30:17","dailySignInAttempts":1,"createAccountProcessSuccess":false,"accountRecoveryPageLoaded":false,"dailyAccountRecoveryAttempts":0,"accountManagerFullNameUpdated":false,"accountManagerUserIdUpdated":false,"accountManagerEmailUpdated":false,"accountManagerPhoneUpdated":false},{"visitDate":"2019-02-01","visitStartTimeStamp":"2019-02-01 20:23:07","visitEndTimeStamp":"2019-02-01 20:23:09","firstSignInStartTimeStamp":"2019-02-01 20:23:07","firstSignInEndTimeStamp":"2019-02-01 20:23:09","dailySignInAttempts":1,"createAccountProcessSuccess":false,"accountRecoveryPageLoaded":false,"dailyAccountRecoveryAttempts":0,"accountManagerFullNameUpdated":false,"accountManagerUserIdUpdated":false,"accountManagerEmailUpdated":false,"accountManagerPhoneUpdated":false},{"visitDate":"2019-02-01","visitStartTimeStamp":"2019-02-01 17:06:55","visitEndTimeStamp":"2019-02-01 17:07:47","firstSignInStartTimeStamp":"2019-02-01 17:06:55","firstSignInEndTimeStamp":"2019-02-01 17:07:47","dailySignInAttempts":1,"createAccountProcessSuccess":false,"accountRecoveryPageLoaded":true,"firstAccountRecoveryStartTimeStamp":"2019-02-01 17:07:15","firstAccountRecoveryEndTimeStamp":"2019-02-01 17:07:16","dailyAccountRecoveryAttempts":1,"accountManagerFullNameUpdated":false,"accountManagerUserIdUpdated":false,"accountManagerEmailUpdated":false,"accountManagerPhoneUpdated":false},{"visitDate":"2019-01-31","visitStartTimeStamp":"2019-01-31 21:41:43","visitEndTimeStamp":"2019-01-31 21:42:35","firstSignInStartTimeStamp":"2019-01-31 21:41:43","firstSignInEndTimeStamp":"2019-01-31 21:42:35","dailySignInAttempts":1,"createAccountProcessSuccess":false,"accountRecoveryPageLoaded":false,"dailyAccountRecoveryAttempts":0,"accountManagerFullNameUpdated":false,"accountManagerUserIdUpdated":false,"accountManagerEmailUpdated":false,"accountManagerPhoneUpdated":false},{"visitDate":"2019-01-14","visitStartTimeStamp":"2019-01-14 14:44:46","visitEndTimeStamp":"2019-01-14 14:45:14","firstSignInStartTimeStamp":"2019-01-14 14:44:58","firstSignInEndTimeStamp":"2019-01-14 14:45:14","dailySignInAttempts":1,"createAccountProcessSuccess":false,"accountRecoveryPageLoaded":false,"dailyAccountRecoveryAttempts":0,"accountManagerFullNameUpdated":false,"accountManagerUserIdUpdated":false,"accountManagerEmailUpdated":false,"accountManagerPhoneUpdated":false},{"visitDate":"2018-02-05","visitStartTimeStamp":"2018-02-05 11:28:08","visitEndTimeStamp":"2018-02-05 11:29:37","firstSignInStartTimeStamp":"2018-02-05 11:28:08","firstSignInEndTimeStamp":"2018-02-05 11:29:37","dailySignInAttempts":1,"createAccountProcessSuccess":false,"accountRecoveryPageLoaded":false,"dailyAccountRecoveryAttempts":0,"accountManagerFullNameUpdated":false,"accountManagerUserIdUpdated":false,"accountManagerEmailUpdated":false,"accountManagerPhoneUpdated":false},{"visitDate":"2018-01-23","visitStartTimeStamp":"2018-01-23 08:50:23","visitEndTimeStamp":"2018-01-23 09:06:04","firstSignInStartTimeStamp":"2018-01-23 08:50:23","firstSignInEndTimeStamp":"2018-01-23 09:06:04","dailySignInAttempts":1,"createAccountProcessSuccess":false,"accountRecoveryPageLoaded":true,"firstAccountRecoveryStartTimeStamp":"2018-01-23 08:50:46","firstAccountRecoveryEndTimeStamp":"2018-01-23 08:57:51","dailyAccountRecoveryAttempts":1,"accountManagerFullNameUpdated":false,"accountManagerUserIdUpdated":false,"accountManagerEmailUpdated":false,"accountManagerPhoneUpdated":false}]