[[{"ownerType":"USER","consentTermRef":"2017","purpose":"Global7216","resource":"/TaxData/Tax17Return","endDate":1612425600000,"modifiedDate":1517859200716,"consentType":"7216-Disclosure","consented":true,"startDate":1517817600000},{"ownerType":"USER","consentTermRef":"2018","purpose":"Global7216","resource":"/TaxData/Tax18Return","endDate":1643529600000,"modifiedDate":1548999967510,"consentType":"7216-Disclosure","consented":true,"startDate":1548921600000},{"ownerType":"USER","consentTermRef":"2020","purpose":"Global7216","resource":"/TaxData/Tax20Return","endDate":1701907200000,"modifiedDate":1607364572645,"consentType":"7216-Disclosure","consented":true,"startDate":1607299200000},{"ownerType":"USER","consentTermRef":"0.0.1","purpose":"CreditConsent","resource":"CreditReport","endDate":1517817600000,"modifiedDate":1517860845345,"consentType":"Other","consented":true,"startDate":1517817600000},{"ownerType":"USER","purpose":"/dg/download-global","resource":"data-governance","modifiedDate":1607369304574,"consentType":"dg-consents","consented":true,"startDate":1607369304574},{"ownerType":"USER","purpose":"dg-consents","resource":"dg-consents","modifiedDate":1607369304574,"consentType":"dg-consents","consented":true,"startDate":1607369304574},{"ownerType":"EMAIL","productRegion":"US","purpose":"/marketing-notifications/*","resource":"email","modifiedDate":1453168449000,"consentType":"marketing-preferences","consented":false,"startDate":1453168449000},{"ownerType":"EMAIL","productRegion":"US","purpose":"/marketing-notifications/*","resource":"email","modifiedDate":1453168449000,"consentType":"marketing-preferences","consented":false,"startDate":1453168449000},{"ownerType":"EMAIL","productRegion":"US","purpose":"/marketing-notifications/*","resource":"email","modifiedDate":1453168449000,"consentType":"marketing-preferences","consented":false,"startDate":1453168449000},{"ownerType":"EMAIL","productRegion":"US","purpose":"/marketing-notifications/*","resource":"email","modifiedDate":1453168449000,"consentType":"marketing-preferences","consented":false,"startDate":1453168449000},{"ownerType":"EMAIL","productRegion":"US","purpose":"/marketing-notifications/credit-score-USTB","resource":"email","modifiedDate":1581231850653,"consentType":"marketing-preferences","consented":true,"startDate":1517988977},{"ownerType":"EMAIL","productRegion":"US","purpose":"/marketing-notifications/events-USQA","resource":"email","modifiedDate":1453168449000,"consentType":"marketing-preferences","consented":false,"startDate":1453168449000},{"ownerType":"EMAIL","productRegion":"US","purpose":"/marketing-notifications/news-USPT","resource":"email","modifiedDate":1453168449000,"consentType":"marketing-preferences","consented":false,"startDate":1453168449000},{"ownerType":"EMAIL","productRegion":"US","purpose":"/marketing-notifications/news-USPT","resource":"email","modifiedDate":1453168449000,"consentType":"marketing-preferences","consented":false,"startDate":1453168449000},{"ownerType":"EMAIL","productRegion":"US","purpose":"/marketing-notifications/news-USPT","resource":"email","modifiedDate":1453168449000,"consentType":"marketing-preferences","consented":false,"startDate":1453168449000},{"ownerType":"EMAIL","productRegion":"US","purpose":"/marketing-notifications/news-USQA","resource":"email","modifiedDate":1453168449000,"consentType":"marketing-preferences","consented":false,"startDate":1453168449000},{"ownerType":"EMAIL","productRegion":"US","purpose":"/marketing-notifications/notifications-USTB","resource":"email","modifiedDate":1581231490913,"consentType":"marketing-preferences","consented":true,"startDate":1517988977},{"ownerType":"EMAIL","productRegion":"US","purpose":"/marketing-notifications/offers-USPT","resource":"email","modifiedDate":1453168449000,"consentType":"marketing-preferences","consented":false,"startDate":1453168449000},{"ownerType":"EMAIL","productRegion":"US","purpose":"/marketing-notifications/offers-USPT","resource":"email","modifiedDate":1453168449000,"consentType":"marketing-preferences","consented":false,"startDate":1453168449000},{"ownerType":"EMAIL","productRegion":"US","purpose":"/marketing-notifications/offers-USPT","resource":"email","modifiedDate":1453168449000,"consentType":"marketing-preferences","consented":false,"startDate":1453168449000},{"ownerType":"EMAIL","productRegion":"US","purpose":"/marketing-notifications/offers-USQA","resource":"email","modifiedDate":1453168449000,"consentType":"marketing-preferences","consented":false,"startDate":1453168449000},{"ownerType":"EMAIL","productRegion":"US","purpose":"/marketing-notifications/offers-USTB","resource":"email","modifiedDate":1581231989530,"consentType":"marketing-preferences","consented":true,"startDate":1517988977},{"ownerType":"EMAIL","productRegion":"US","purpose":"/marketing-notifications/proadvisor-USQA","resource":"email","modifiedDate":1453168449000,"consentType":"marketing-preferences","consented":false,"startDate":1453168449000},{"ownerType":"EMAIL","productRegion":"US","purpose":"/marketing-notifications/research-USTB","resource":"email","modifiedDate":1581233337141,"consentType":"marketing-preferences","consented":true,"startDate":1517988977},{"ownerType":"EMAIL","productRegion":"US","purpose":"/marketing-notifications/training-USPT","resource":"email","modifiedDate":1453168449000,"consentType":"marketing-preferences","consented":false,"startDate":1453168449000},{"ownerType":"EMAIL","productRegion":"US","purpose":"/marketing-notifications/training-USPT","resource":"email","modifiedDate":1453168449000,"consentType":"marketing-preferences","consented":false,"startDate":1453168449000},{"ownerType":"EMAIL","productRegion":"US","purpose":"/marketing-notifications/training-USPT","resource":"email","modifiedDate":1453168449000,"consentType":"marketing-preferences","consented":false,"startDate":1453168449000},{"ownerType":"EMAIL","productRegion":"US","purpose":"/marketing-notifications/training-USQA","resource":"email","modifiedDate":1453168449000,"consentType":"marketing-preferences","consented":false,"startDate":1453168449000},{"ownerType":"EMAIL","productRegion":"US","purpose":"/marketing-notifications/updates-USTB","resource":"email","modifiedDate":1581231490504,"consentType":"marketing-preferences","consented":true,"startDate":1517988977}],[{"ownerType":"EMAIL","productRegion":"US","purpose":"/marketing-notifications/*","resource":"email","modifiedDate":1453168449000,"consentType":"marketing-preferences","consented":false,"startDate":1453168449000},{"ownerType":"EMAIL","productRegion":"US","purpose":"/marketing-notifications/*","resource":"email","modifiedDate":1453168449000,"consentType":"marketing-preferences","consented":false,"startDate":1453168449000},{"ownerType":"EMAIL","productRegion":"US","purpose":"/marketing-notifications/*","resource":"email","modifiedDate":1453168449000,"consentType":"marketing-preferences","consented":false,"startDate":1453168449000},{"ownerType":"EMAIL","productRegion":"US","purpose":"/marketing-notifications/*","resource":"email","modifiedDate":1453168449000,"consentType":"marketing-preferences","consented":false,"startDate":1453168449000},{"ownerType":"EMAIL","productRegion":"US","purpose":"/marketing-notifications/credit-score-USTB","resource":"email","modifiedDate":1581231850653,"consentType":"marketing-preferences","consented":true,"startDate":1517988977},{"ownerType":"EMAIL","productRegion":"US","purpose":"/marketing-notifications/events-USQA","resource":"email","modifiedDate":1453168449000,"consentType":"marketing-preferences","consented":false,"startDate":1453168449000},{"ownerType":"EMAIL","productRegion":"US","purpose":"/marketing-notifications/news-USPT","resource":"email","modifiedDate":1453168449000,"consentType":"marketing-preferences","consented":false,"startDate":1453168449000},{"ownerType":"EMAIL","productRegion":"US","purpose":"/marketing-notifications/news-USPT","resource":"email","modifiedDate":1453168449000,"consentType":"marketing-preferences","consented":false,"startDate":1453168449000},{"ownerType":"EMAIL","productRegion":"US","purpose":"/marketing-notifications/news-USPT","resource":"email","modifiedDate":1453168449000,"consentType":"marketing-preferences","consented":false,"startDate":1453168449000},{"ownerType":"EMAIL","productRegion":"US","purpose":"/marketing-notifications/news-USQA","resource":"email","modifiedDate":1453168449000,"consentType":"marketing-preferences","consented":false,"startDate":1453168449000},{"ownerType":"EMAIL","productRegion":"US","purpose":"/marketing-notifications/notifications-USTB","resource":"email","modifiedDate":1581231490913,"consentType":"marketing-preferences","consented":true,"startDate":1517988977},{"ownerType":"EMAIL","productRegion":"US","purpose":"/marketing-notifications/offers-USPT","resource":"email","modifiedDate":1453168449000,"consentType":"marketing-preferences","consented":false,"startDate":1453168449000},{"ownerType":"EMAIL","productRegion":"US","purpose":"/marketing-notifications/offers-USPT","resource":"email","modifiedDate":1453168449000,"consentType":"marketing-preferences","consented":false,"startDate":1453168449000},{"ownerType":"EMAIL","productRegion":"US","purpose":"/marketing-notifications/offers-USPT","resource":"email","modifiedDate":1453168449000,"consentType":"marketing-preferences","consented":false,"startDate":1453168449000},{"ownerType":"EMAIL","productRegion":"US","purpose":"/marketing-notifications/offers-USQA","resource":"email","modifiedDate":1453168449000,"consentType":"marketing-preferences","consented":false,"startDate":1453168449000},{"ownerType":"EMAIL","productRegion":"US","purpose":"/marketing-notifications/offers-USTB","resource":"email","modifiedDate":1581231989530,"consentType":"marketing-preferences","consented":true,"startDate":1517988977},{"ownerType":"EMAIL","productRegion":"US","purpose":"/marketing-notifications/proadvisor-USQA","resource":"email","modifiedDate":1453168449000,"consentType":"marketing-preferences","consented":false,"startDate":1453168449000},{"ownerType":"EMAIL","productRegion":"US","purpose":"/marketing-notifications/research-USTB","resource":"email","modifiedDate":1581233337141,"consentType":"marketing-preferences","consented":true,"startDate":1517988977},{"ownerType":"EMAIL","productRegion":"US","purpose":"/marketing-notifications/training-USPT","resource":"email","modifiedDate":1453168449000,"consentType":"marketing-preferences","consented":false,"startDate":1453168449000},{"ownerType":"EMAIL","productRegion":"US","purpose":"/marketing-notifications/training-USPT","resource":"email","modifiedDate":1453168449000,"consentType":"marketing-preferences","consented":false,"startDate":1453168449000},{"ownerType":"EMAIL","productRegion":"US","purpose":"/marketing-notifications/training-USPT","resource":"email","modifiedDate":1453168449000,"consentType":"marketing-preferences","consented":false,"startDate":1453168449000},{"ownerType":"EMAIL","productRegion":"US","purpose":"/marketing-notifications/training-USQA","resource":"email","modifiedDate":1453168449000,"consentType":"marketing-preferences","consented":false,"startDate":1453168449000},{"ownerType":"EMAIL","productRegion":"US","purpose":"/marketing-notifications/updates-USTB","resource":"email","modifiedDate":1581231490504,"consentType":"marketing-preferences","consented":true,"startDate":1517988977}],[{"ownerType":"EMAIL","productRegion":"US","purpose":"/marketing-notifications/*","resource":"email","modifiedDate":1453168449000,"consentType":"marketing-preferences","consented":false,"startDate":1453168449000},{"ownerType":"EMAIL","productRegion":"US","purpose":"/marketing-notifications/*","resource":"email","modifiedDate":1453168449000,"consentType":"marketing-preferences","consented":false,"startDate":1453168449000},{"ownerType":"EMAIL","productRegion":"US","purpose":"/marketing-notifications/*","resource":"email","modifiedDate":1453168449000,"consentType":"marketing-preferences","consented":false,"startDate":1453168449000},{"ownerType":"EMAIL","productRegion":"US","purpose":"/marketing-notifications/*","resource":"email","modifiedDate":1453168449000,"consentType":"marketing-preferences","consented":false,"startDate":1453168449000},{"ownerType":"EMAIL","productRegion":"US","purpose":"/marketing-notifications/credit-score-USTB","resource":"email","modifiedDate":1581231850653,"consentType":"marketing-preferences","consented":true,"startDate":1517988977},{"ownerType":"EMAIL","productRegion":"US","purpose":"/marketing-notifications/events-USQA","resource":"email","modifiedDate":1453168449000,"consentType":"marketing-preferences","consented":false,"startDate":1453168449000},{"ownerType":"EMAIL","productRegion":"US","purpose":"/marketing-notifications/news-USPT","resource":"email","modifiedDate":1453168449000,"consentType":"marketing-preferences","consented":false,"startDate":1453168449000},{"ownerType":"EMAIL","productRegion":"US","purpose":"/marketing-notifications/news-USPT","resource":"email","modifiedDate":1453168449000,"consentType":"marketing-preferences","consented":false,"startDate":1453168449000},{"ownerType":"EMAIL","productRegion":"US","purpose":"/marketing-notifications/news-USPT","resource":"email","modifiedDate":1453168449000,"consentType":"marketing-preferences","consented":false,"startDate":1453168449000},{"ownerType":"EMAIL","productRegion":"US","purpose":"/marketing-notifications/news-USQA","resource":"email","modifiedDate":1453168449000,"consentType":"marketing-preferences","consented":false,"startDate":1453168449000},{"ownerType":"EMAIL","productRegion":"US","purpose":"/marketing-notifications/notifications-USTB","resource":"email","modifiedDate":1581231490913,"consentType":"marketing-preferences","consented":true,"startDate":1517988977},{"ownerType":"EMAIL","productRegion":"US","purpose":"/marketing-notifications/offers-USPT","resource":"email","modifiedDate":1453168449000,"consentType":"marketing-preferences","consented":false,"startDate":1453168449000},{"ownerType":"EMAIL","productRegion":"US","purpose":"/marketing-notifications/offers-USPT","resource":"email","modifiedDate":1453168449000,"consentType":"marketing-preferences","consented":false,"startDate":1453168449000},{"ownerType":"EMAIL","productRegion":"US","purpose":"/marketing-notifications/offers-USPT","resource":"email","modifiedDate":1453168449000,"consentType":"marketing-preferences","consented":false,"startDate":1453168449000},{"ownerType":"EMAIL","productRegion":"US","purpose":"/marketing-notifications/offers-USQA","resource":"email","modifiedDate":1453168449000,"consentType":"marketing-preferences","consented":false,"startDate":1453168449000},{"ownerType":"EMAIL","productRegion":"US","purpose":"/marketing-notifications/offers-USTB","resource":"email","modifiedDate":1581231989530,"consentType":"marketing-preferences","consented":true,"startDate":1517988977},{"ownerType":"EMAIL","productRegion":"US","purpose":"/marketing-notifications/proadvisor-USQA","resource":"email","modifiedDate":1453168449000,"consentType":"marketing-preferences","consented":false,"startDate":1453168449000},{"ownerType":"EMAIL","productRegion":"US","purpose":"/marketing-notifications/research-USTB","resource":"email","modifiedDate":1581233337141,"consentType":"marketing-preferences","consented":true,"startDate":1517988977},{"ownerType":"EMAIL","productRegion":"US","purpose":"/marketing-notifications/training-USPT","resource":"email","modifiedDate":1453168449000,"consentType":"marketing-preferences","consented":false,"startDate":1453168449000},{"ownerType":"EMAIL","productRegion":"US","purpose":"/marketing-notifications/training-USPT","resource":"email","modifiedDate":1453168449000,"consentType":"marketing-preferences","consented":false,"startDate":1453168449000},{"ownerType":"EMAIL","productRegion":"US","purpose":"/marketing-notifications/training-USPT","resource":"email","modifiedDate":1453168449000,"consentType":"marketing-preferences","consented":false,"startDate":1453168449000},{"ownerType":"EMAIL","productRegion":"US","purpose":"/marketing-notifications/training-USQA","resource":"email","modifiedDate":1453168449000,"consentType":"marketing-preferences","consented":false,"startDate":1453168449000},{"ownerType":"EMAIL","productRegion":"US","purpose":"/marketing-notifications/updates-USTB","resource":"email","modifiedDate":1581231490504,"consentType":"marketing-preferences","consented":true,"startDate":1517988977}]]