{"creditProfileRegistrationDto":{"id":null,"firstName":"Hubert","lastName":"Maxwell","prefix":null,"suffix":null,"addressLine1":"1023 Delaware St","addressLine2":null,"zipCode":"32304","city":"Tallahassee","state":"FL","ssn":"4372","dateOfBirth":647654400000,"registrationInitiatedDate":null,"lastUpdatedDate":null,"vendor":null,"status":null,"alertStatus":null,"linkDtos":null,"statusMessage":null,"reportEnrollmentKey":null,"alertEnrollmentKey":null},"creditRefreshReportResponseDto":[{"auditTrailContent":null,"auditTrailResponseStatus":null,"refreshStatus":null,"tradeLineResponseDto":[{"tradeLineTypeOfAccount":["TransunionTradelineTypeOfAccount","CREDIT_CARD"],"tradeLineCondition":"DEROGATORY","tradeLineAccountStatus":"COLLECTION_CHARGEOFF","tradeLinePortfolioType":"CREDIT","tradeLineCustomerComment":"TM009,T00PNR","tradeLineCreditorIndustry":["TransunionCreditorIndustory","BANKS"],"paymentHistory":null,"subscriberName":"WELLS FARGO","dateOpened":{"dayOfYear":5,"monthValue":1,"nano":0,"hour":0,"second":0,"minute":0,"year":2014,"month":"JANUARY","dayOfMonth":5,"dayOfWeek":"SUNDAY","chronology":{"calendarType":"iso8601","id":"ISO"}},"dateClosed":{"dayOfYear":134,"monthValue":5,"nano":0,"hour":0,"second":0,"minute":0,"year":2014,"month":"MAY","dayOfMonth":14,"dayOfWeek":"WEDNESDAY","chronology":{"calendarType":"iso8601","id":"ISO"}},"dateReported":{"dayOfYear":7,"monthValue":1,"nano":0,"hour":0,"second":0,"minute":0,"year":2018,"month":"JANUARY","dayOfMonth":7,"dayOfWeek":"SUNDAY","chronology":{"calendarType":"iso8601","id":"ISO"}},"maxAmount":1000,"currentBalance":831,"highCreditAmount":831,"pastDueAmount":831,"tradeLinePaymentFrequency":"INVALID","id":null,"userId":null,"termsDuration":"0","dateOfLastPayment":null,"count30DayPastDue":0,"count60DayPastDue":0,"count90DayPastDue":0,"creditReportId":null,"isClosed":true,"vendor":"TRANSUNION","monthlyPaymentAmount":0,"actualPaymentAmount":null,"responsibility":"INDIVIDUAL_ACCOUNT","providerId":null,"tradelineFinancialStatusMarker":{"open":false,"withLatePayment":true,"negativeAccount":true,"mortgage":false,"installment":false,"revolving":true,"other":false,"onTimePayments":0,"foreclosure":false,"bankrupt":false},"closed":true,"tradeLineId":null,"reportedYear":"2018","creditUtilization":"83.10","reportedMonthName":"January"},{"tradeLineTypeOfAccount":["TransunionTradelineTypeOfAccount","STUDENT_LOAN"],"tradeLineCondition":"DEROGATORY","tradeLineAccountStatus":"COLLECTION_CHARGEOFF","tradeLinePortfolioType":"INSTALLMENT","tradeLineCustomerComment":"TM09B,T00SLP","tradeLineCreditorIndustry":["TransunionCreditorIndustory","GOVERNMENT"],"paymentHistory":null,"subscriberName":"US DEPT ED","dateOpened":{"dayOfYear":248,"monthValue":9,"nano":0,"hour":0,"second":0,"minute":0,"year":2012,"month":"SEPTEMBER","dayOfMonth":4,"dayOfWeek":"TUESDAY","chronology":{"calendarType":"iso8601","id":"ISO"}},"dateClosed":{"dayOfYear":35,"monthValue":2,"nano":0,"hour":0,"second":0,"minute":0,"year":2017,"month":"FEBRUARY","dayOfMonth":4,"dayOfWeek":"SATURDAY","chronology":{"calendarType":"iso8601","id":"ISO"}},"dateReported":{"dayOfYear":7,"monthValue":1,"nano":0,"hour":0,"second":0,"minute":0,"year":2018,"month":"JANUARY","dayOfMonth":7,"dayOfWeek":"SUNDAY","chronology":{"calendarType":"iso8601","id":"ISO"}},"maxAmount":0,"currentBalance":6180,"highCreditAmount":5500,"pastDueAmount":6180,"tradeLinePaymentFrequency":"MONTHLY","id":null,"userId":null,"termsDuration":"36","dateOfLastPayment":null,"count30DayPastDue":0,"count60DayPastDue":0,"count90DayPastDue":0,"creditReportId":null,"isClosed":true,"vendor":"TRANSUNION","monthlyPaymentAmount":0,"actualPaymentAmount":null,"responsibility":"INDIVIDUAL_ACCOUNT","providerId":null,"tradelineFinancialStatusMarker":{"open":false,"withLatePayment":true,"negativeAccount":true,"mortgage":false,"installment":true,"revolving":false,"other":false,"onTimePayments":0,"foreclosure":false,"bankrupt":false},"closed":true,"tradeLineId":null,"reportedYear":"2018","creditUtilization":"0.0","reportedMonthName":"January"},{"tradeLineTypeOfAccount":null,"tradeLineCondition":"DEROGATORY","tradeLineAccountStatus":"COLLECTION_CHARGEOFF","tradeLinePortfolioType":"INVALID","tradeLineCustomerComment":"T00CLA","tradeLineCreditorIndustry":["TransunionCreditorIndustory","COLLECTION_SERVICES"],"paymentHistory":null,"subscriberName":"MERCHANTSCOL","dateOpened":{"dayOfYear":97,"monthValue":4,"nano":0,"hour":0,"second":0,"minute":0,"year":2016,"month":"APRIL","dayOfMonth":6,"dayOfWeek":"WEDNESDAY","chronology":{"calendarType":"iso8601","id":"ISO"}},"dateClosed":null,"dateReported":{"dayOfYear":3,"monthValue":1,"nano":0,"hour":0,"second":0,"minute":0,"year":2018,"month":"JANUARY","dayOfMonth":3,"dayOfWeek":"WEDNESDAY","chronology":{"calendarType":"iso8601","id":"ISO"}},"maxAmount":null,"currentBalance":4342,"highCreditAmount":4342,"pastDueAmount":null,"tradeLinePaymentFrequency":null,"id":null,"userId":null,"termsDuration":null,"dateOfLastPayment":null,"count30DayPastDue":null,"count60DayPastDue":null,"count90DayPastDue":null,"creditReportId":null,"isClosed":false,"vendor":"TRANSUNION","monthlyPaymentAmount":null,"actualPaymentAmount":null,"responsibility":"INDIVIDUAL_ACCOUNT","providerId":null,"tradelineFinancialStatusMarker":{"open":true,"withLatePayment":true,"negativeAccount":true,"mortgage":false,"installment":false,"revolving":false,"other":true,"onTimePayments":0,"foreclosure":false,"bankrupt":false},"closed":false,"tradeLineId":null,"reportedYear":"2018","creditUtilization":"0.0","reportedMonthName":"January"},{"tradeLineTypeOfAccount":["TransunionTradelineTypeOfAccount","STUDENT_LOAN"],"tradeLineCondition":"TRANSFERRED","tradeLineAccountStatus":"LATE_120_DAYS","tradeLinePortfolioType":"INSTALLMENT","tradeLineCustomerComment":"T00ACT","tradeLineCreditorIndustry":["TransunionCreditorIndustory","EDUCATION"],"paymentHistory":"444444443CCCCCCCCCCCCCCCCCCUUUCUCUCCCCCCCCCCCCC","subscriberName":"DEPTEDNELNET","dateOpened":{"dayOfYear":172,"monthValue":6,"nano":0,"hour":0,"second":0,"minute":0,"year":2012,"month":"JUNE","dayOfMonth":20,"dayOfWeek":"WEDNESDAY","chronology":{"calendarType":"iso8601","id":"ISO"}},"dateClosed":{"dayOfYear":159,"monthValue":6,"nano":0,"hour":0,"second":0,"minute":0,"year":2016,"month":"JUNE","dayOfMonth":7,"dayOfWeek":"TUESDAY","chronology":{"calendarType":"iso8601","id":"ISO"}},"dateReported":{"dayOfYear":159,"monthValue":6,"nano":0,"hour":0,"second":0,"minute":0,"year":2016,"month":"JUNE","dayOfMonth":7,"dayOfWeek":"TUESDAY","chronology":{"calendarType":"iso8601","id":"ISO"}},"maxAmount":0,"currentBalance":0,"highCreditAmount":5500,"pastDueAmount":0,"tradeLinePaymentFrequency":"MONTHLY","id":null,"userId":null,"termsDuration":"120","dateOfLastPayment":null,"count30DayPastDue":0,"count60DayPastDue":0,"count90DayPastDue":9,"creditReportId":null,"isClosed":true,"vendor":"TRANSUNION","monthlyPaymentAmount":0,"actualPaymentAmount":null,"responsibility":"INDIVIDUAL_ACCOUNT","providerId":null,"tradelineFinancialStatusMarker":{"open":false,"withLatePayment":true,"negativeAccount":true,"mortgage":false,"installment":true,"revolving":false,"other":false,"onTimePayments":38,"foreclosure":false,"bankrupt":false},"closed":true,"tradeLineId":null,"reportedYear":"2016","creditUtilization":"0.0","reportedMonthName":"June"},{"tradeLineTypeOfAccount":["TransunionTradelineTypeOfAccount","CHARGE_ACCOUNT"],"tradeLineCondition":"CLOSED","tradeLineAccountStatus":"PAY_AS_AGREED","tradeLinePortfolioType":"CREDIT","tradeLineCustomerComment":"T00INA","tradeLineCreditorIndustry":["TransunionCreditorIndustory","JEWELRY_CAMERAS"],"paymentHistory":"CCCCCCCCCCCCCCCCCCCCCCCCC","subscriberName":"KAY JEWELERS","dateOpened":{"dayOfYear":142,"monthValue":5,"nano":0,"hour":0,"second":0,"minute":0,"year":2010,"month":"MAY","dayOfMonth":22,"dayOfWeek":"SATURDAY","chronology":{"calendarType":"iso8601","id":"ISO"}},"dateClosed":{"dayOfYear":150,"monthValue":5,"nano":0,"hour":0,"second":0,"minute":0,"year":2012,"month":"MAY","dayOfMonth":29,"dayOfWeek":"TUESDAY","chronology":{"calendarType":"iso8601","id":"ISO"}},"dateReported":{"dayOfYear":172,"monthValue":6,"nano":0,"hour":0,"second":0,"minute":0,"year":2012,"month":"JUNE","dayOfMonth":20,"dayOfWeek":"WEDNESDAY","chronology":{"calendarType":"iso8601","id":"ISO"}},"maxAmount":500,"currentBalance":0,"highCreditAmount":0,"pastDueAmount":0,"tradeLinePaymentFrequency":"INVALID","id":null,"userId":null,"termsDuration":"0","dateOfLastPayment":null,"count30DayPastDue":0,"count60DayPastDue":0,"count90DayPastDue":0,"creditReportId":null,"isClosed":true,"vendor":"TRANSUNION","monthlyPaymentAmount":0,"actualPaymentAmount":null,"responsibility":"INDIVIDUAL_ACCOUNT","providerId":null,"tradelineFinancialStatusMarker":{"open":false,"withLatePayment":false,"negativeAccount":false,"mortgage":false,"installment":false,"revolving":true,"other":false,"onTimePayments":25,"foreclosure":false,"bankrupt":false},"closed":true,"tradeLineId":null,"reportedYear":"2012","creditUtilization":"0.00","reportedMonthName":"June"},{"tradeLineTypeOfAccount":null,"tradeLineCondition":"DEROGATORY","tradeLineAccountStatus":"COLLECTION_CHARGEOFF","tradeLinePortfolioType":"INVALID","tradeLineCustomerComment":"T00CLA","tradeLineCreditorIndustry":["TransunionCreditorIndustory","COLLECTION_SERVICES"],"paymentHistory":null,"subscriberName":"CREDIT MGMT","dateOpened":{"dayOfYear":237,"monthValue":8,"nano":0,"hour":0,"second":0,"minute":0,"year":2017,"month":"AUGUST","dayOfMonth":25,"dayOfWeek":"FRIDAY","chronology":{"calendarType":"iso8601","id":"ISO"}},"dateClosed":null,"dateReported":{"dayOfYear":5,"monthValue":1,"nano":0,"hour":0,"second":0,"minute":0,"year":2018,"month":"JANUARY","dayOfMonth":5,"dayOfWeek":"FRIDAY","chronology":{"calendarType":"iso8601","id":"ISO"}},"maxAmount":null,"currentBalance":295,"highCreditAmount":295,"pastDueAmount":null,"tradeLinePaymentFrequency":null,"id":null,"userId":null,"termsDuration":null,"dateOfLastPayment":null,"count30DayPastDue":null,"count60DayPastDue":null,"count90DayPastDue":null,"creditReportId":null,"isClosed":false,"vendor":"TRANSUNION","monthlyPaymentAmount":null,"actualPaymentAmount":null,"responsibility":"INDIVIDUAL_ACCOUNT","providerId":null,"tradelineFinancialStatusMarker":{"open":true,"withLatePayment":true,"negativeAccount":true,"mortgage":false,"installment":false,"revolving":false,"other":true,"onTimePayments":0,"foreclosure":false,"bankrupt":false},"closed":false,"tradeLineId":null,"reportedYear":"2018","creditUtilization":"0.0","reportedMonthName":"January"},{"tradeLineTypeOfAccount":["TransunionTradelineTypeOfAccount","STUDENT_LOAN"],"tradeLineCondition":"TRANSFERRED","tradeLineAccountStatus":"LATE_120_DAYS","tradeLinePortfolioType":"INSTALLMENT","tradeLineCustomerComment":"T00ACT","tradeLineCreditorIndustry":["TransunionCreditorIndustory","EDUCATION"],"paymentHistory":"444444443CCCCCCCCCCCCCCCCCCUUUCUCUCCCCCCCCCCC","subscriberName":"DEPTEDNELNET","dateOpened":{"dayOfYear":248,"monthValue":9,"nano":0,"hour":0,"second":0,"minute":0,"year":2012,"month":"SEPTEMBER","dayOfMonth":4,"dayOfWeek":"TUESDAY","chronology":{"calendarType":"iso8601","id":"ISO"}},"dateClosed":{"dayOfYear":159,"monthValue":6,"nano":0,"hour":0,"second":0,"minute":0,"year":2016,"month":"JUNE","dayOfMonth":7,"dayOfWeek":"TUESDAY","chronology":{"calendarType":"iso8601","id":"ISO"}},"dateReported":{"dayOfYear":159,"monthValue":6,"nano":0,"hour":0,"second":0,"minute":0,"year":2016,"month":"JUNE","dayOfMonth":7,"dayOfWeek":"TUESDAY","chronology":{"calendarType":"iso8601","id":"ISO"}},"maxAmount":0,"currentBalance":0,"highCreditAmount":5500,"pastDueAmount":0,"tradeLinePaymentFrequency":"MONTHLY","id":null,"userId":null,"termsDuration":"120","dateOfLastPayment":null,"count30DayPastDue":0,"count60DayPastDue":0,"count90DayPastDue":9,"creditReportId":null,"isClosed":true,"vendor":"TRANSUNION","monthlyPaymentAmount":0,"actualPaymentAmount":null,"responsibility":"INDIVIDUAL_ACCOUNT","providerId":null,"tradelineFinancialStatusMarker":{"open":false,"withLatePayment":true,"negativeAccount":true,"mortgage":false,"installment":true,"revolving":false,"other":false,"onTimePayments":36,"foreclosure":false,"bankrupt":false},"closed":true,"tradeLineId":null,"reportedYear":"2016","creditUtilization":"0.0","reportedMonthName":"June"},{"tradeLineTypeOfAccount":["TransunionTradelineTypeOfAccount","CHARGE_ACCOUNT"],"tradeLineCondition":"PAID","tradeLineAccountStatus":"PAY_AS_AGREED","tradeLinePortfolioType":"CREDIT","tradeLineCustomerComment":"T00CLO","tradeLineCreditorIndustry":["TransunionCreditorIndustory","DEPARTMENT_STORES"],"paymentHistory":"CCCCCCCCCCCCCCCCCCCCCCCCCCCCCCCCCCCCCCCCCCCCCCCC","subscriberName":"SYNCB/BELK","dateOpened":{"dayOfYear":355,"monthValue":12,"nano":0,"hour":0,"second":0,"minute":0,"year":2010,"month":"DECEMBER","dayOfMonth":21,"dayOfWeek":"TUESDAY","chronology":{"calendarType":"iso8601","id":"ISO"}},"dateClosed":{"dayOfYear":101,"monthValue":4,"nano":0,"hour":0,"second":0,"minute":0,"year":2014,"month":"APRIL","dayOfMonth":11,"dayOfWeek":"FRIDAY","chronology":{"calendarType":"iso8601","id":"ISO"}},"dateReported":{"dayOfYear":225,"monthValue":8,"nano":0,"hour":0,"second":0,"minute":0,"year":2015,"month":"AUGUST","dayOfMonth":13,"dayOfWeek":"THURSDAY","chronology":{"calendarType":"iso8601","id":"ISO"}},"maxAmount":850,"currentBalance":0,"highCreditAmount":86,"pastDueAmount":0,"tradeLinePaymentFrequency":"INVALID","id":null,"userId":null,"termsDuration":"0","dateOfLastPayment":{"dayOfYear":67,"monthValue":3,"nano":0,"hour":0,"second":0,"minute":0,"year":2011,"month":"MARCH","dayOfMonth":8,"dayOfWeek":"TUESDAY","chronology":{"calendarType":"iso8601","id":"ISO"}},"count30DayPastDue":0,"count60DayPastDue":0,"count90DayPastDue":0,"creditReportId":null,"isClosed":true,"vendor":"TRANSUNION","monthlyPaymentAmount":0,"actualPaymentAmount":null,"responsibility":"INDIVIDUAL_ACCOUNT","providerId":null,"tradelineFinancialStatusMarker":{"open":false,"withLatePayment":false,"negativeAccount":false,"mortgage":false,"installment":false,"revolving":true,"other":false,"onTimePayments":48,"foreclosure":false,"bankrupt":false},"closed":true,"tradeLineId":null,"reportedYear":"2015","creditUtilization":"0.00","reportedMonthName":"August"},{"tradeLineTypeOfAccount":["TransunionTradelineTypeOfAccount","STUDENT_LOAN"],"tradeLineCondition":"DEROGATORY","tradeLineAccountStatus":"COLLECTION_CHARGEOFF","tradeLinePortfolioType":"INSTALLMENT","tradeLineCustomerComment":"TM09B,T00SLP","tradeLineCreditorIndustry":["TransunionCreditorIndustory","GOVERNMENT"],"paymentHistory":null,"subscriberName":"US DEPT ED","dateOpened":{"dayOfYear":172,"monthValue":6,"nano":0,"hour":0,"second":0,"minute":0,"year":2012,"month":"JUNE","dayOfMonth":20,"dayOfWeek":"WEDNESDAY","chronology":{"calendarType":"iso8601","id":"ISO"}},"dateClosed":{"dayOfYear":35,"monthValue":2,"nano":0,"hour":0,"second":0,"minute":0,"year":2017,"month":"FEBRUARY","dayOfMonth":4,"dayOfWeek":"SATURDAY","chronology":{"calendarType":"iso8601","id":"ISO"}},"dateReported":{"dayOfYear":7,"monthValue":1,"nano":0,"hour":0,"second":0,"minute":0,"year":2018,"month":"JANUARY","dayOfMonth":7,"dayOfWeek":"SUNDAY","chronology":{"calendarType":"iso8601","id":"ISO"}},"maxAmount":0,"currentBalance":6104,"highCreditAmount":5500,"pastDueAmount":6104,"tradeLinePaymentFrequency":"MONTHLY","id":null,"userId":null,"termsDuration":"36","dateOfLastPayment":null,"count30DayPastDue":0,"count60DayPastDue":0,"count90DayPastDue":0,"creditReportId":null,"isClosed":true,"vendor":"TRANSUNION","monthlyPaymentAmount":0,"actualPaymentAmount":null,"responsibility":"INDIVIDUAL_ACCOUNT","providerId":null,"tradelineFinancialStatusMarker":{"open":false,"withLatePayment":true,"negativeAccount":true,"mortgage":false,"installment":true,"revolving":false,"other":false,"onTimePayments":0,"foreclosure":false,"bankrupt":false},"closed":true,"tradeLineId":null,"reportedYear":"2018","creditUtilization":"0.0","reportedMonthName":"January"},{"tradeLineTypeOfAccount":["TransunionTradelineTypeOfAccount","AUTOMOBILE"],"tradeLineCondition":"CLOSED","tradeLineAccountStatus":"PAY_AS_AGREED","tradeLinePortfolioType":"INSTALLMENT","tradeLineCustomerComment":"T00CBC","tradeLineCreditorIndustry":["TransunionCreditorIndustory","BANKS"],"paymentHistory":"CCCCCCCCCCCCCCCCCCCCCCCCCCCCCCCCCCCCCCCCCCCCCCCC","subscriberName":"USAA FSB","dateOpened":{"dayOfYear":204,"monthValue":7,"nano":0,"hour":0,"second":0,"minute":0,"year":2009,"month":"JULY","dayOfMonth":23,"dayOfWeek":"THURSDAY","chronology":{"calendarType":"iso8601","id":"ISO"}},"dateClosed":{"dayOfYear":125,"monthValue":5,"nano":0,"hour":0,"second":0,"minute":0,"year":2014,"month":"MAY","dayOfMonth":5,"dayOfWeek":"MONDAY","chronology":{"calendarType":"iso8601","id":"ISO"}},"dateReported":{"dayOfYear":125,"monthValue":5,"nano":0,"hour":0,"second":0,"minute":0,"year":2014,"month":"MAY","dayOfMonth":5,"dayOfWeek":"MONDAY","chronology":{"calendarType":"iso8601","id":"ISO"}},"maxAmount":0,"currentBalance":0,"highCreditAmount":18305,"pastDueAmount":0,"tradeLinePaymentFrequency":"MONTHLY","id":null,"userId":null,"termsDuration":"60","dateOfLastPayment":{"dayOfYear":125,"monthValue":5,"nano":0,"hour":0,"second":0,"minute":0,"year":2014,"month":"MAY","dayOfMonth":5,"dayOfWeek":"MONDAY","chronology":{"calendarType":"iso8601","id":"ISO"}},"count30DayPastDue":0,"count60DayPastDue":0,"count90DayPastDue":0,"creditReportId":null,"isClosed":true,"vendor":"TRANSUNION","monthlyPaymentAmount":347,"actualPaymentAmount":null,"responsibility":"JOINT_ACCOUNT","providerId":null,"tradelineFinancialStatusMarker":{"open":false,"withLatePayment":false,"negativeAccount":false,"mortgage":false,"installment":true,"revolving":false,"other":false,"onTimePayments":48,"foreclosure":false,"bankrupt":false},"closed":true,"tradeLineId":null,"reportedYear":"2014","creditUtilization":"0.0","reportedMonthName":"May"}],"inquiryResponseDto":[{"inquiryDate":{"dayOfYear":322,"monthValue":11,"nano":0,"hour":0,"second":0,"minute":0,"year":2016,"month":"NOVEMBER","dayOfMonth":17,"dayOfWeek":"THURSDAY","chronology":{"calendarType":"iso8601","id":"ISO"}},"inquirerName":"SYNCB/TJX DC","inquiryIntent":["TransunionTradelineTypeOfAccount","INVALID"],"inquirerIndustry":["TransunionCreditorIndustory","BANKS"],"inquiryDescription":"I","inquiryAmount":null,"id":0}],"publicRecordResponseDto":[{"publicRecordType":"COLLECTION_ACCT","dateFiled":{"dayOfYear":7,"monthValue":1,"nano":0,"hour":0,"second":0,"minute":0,"year":2018,"month":"JANUARY","dayOfMonth":7,"dayOfWeek":"SUNDAY","chronology":{"calendarType":"iso8601","id":"ISO"}},"statusDate":{"dayOfYear":7,"monthValue":1,"nano":0,"hour":0,"second":0,"minute":0,"year":2018,"month":"JANUARY","dayOfMonth":7,"dayOfWeek":"SUNDAY","chronology":{"calendarType":"iso8601","id":"ISO"}},"recordAmount":831,"liability":true,"publicRecordId":null},{"publicRecordType":"COLLECTION_ACCT","dateFiled":{"dayOfYear":7,"monthValue":1,"nano":0,"hour":0,"second":0,"minute":0,"year":2018,"month":"JANUARY","dayOfMonth":7,"dayOfWeek":"SUNDAY","chronology":{"calendarType":"iso8601","id":"ISO"}},"statusDate":{"dayOfYear":7,"monthValue":1,"nano":0,"hour":0,"second":0,"minute":0,"year":2018,"month":"JANUARY","dayOfMonth":7,"dayOfWeek":"SUNDAY","chronology":{"calendarType":"iso8601","id":"ISO"}},"recordAmount":6104,"liability":true,"publicRecordId":null},{"publicRecordType":"COLLECTION_ACCT","dateFiled":{"dayOfYear":7,"monthValue":1,"nano":0,"hour":0,"second":0,"minute":0,"year":2018,"month":"JANUARY","dayOfMonth":7,"dayOfWeek":"SUNDAY","chronology":{"calendarType":"iso8601","id":"ISO"}},"statusDate":{"dayOfYear":7,"monthValue":1,"nano":0,"hour":0,"second":0,"minute":0,"year":2018,"month":"JANUARY","dayOfMonth":7,"dayOfWeek":"SUNDAY","chronology":{"calendarType":"iso8601","id":"ISO"}},"recordAmount":6180,"liability":true,"publicRecordId":null},{"publicRecordType":"COLLECTION_ACCT","dateFiled":{"dayOfYear":5,"monthValue":1,"nano":0,"hour":0,"second":0,"minute":0,"year":2018,"month":"JANUARY","dayOfMonth":5,"dayOfWeek":"FRIDAY","chronology":{"calendarType":"iso8601","id":"ISO"}},"statusDate":{"dayOfYear":5,"monthValue":1,"nano":0,"hour":0,"second":0,"minute":0,"year":2018,"month":"JANUARY","dayOfMonth":5,"dayOfWeek":"FRIDAY","chronology":{"calendarType":"iso8601","id":"ISO"}},"recordAmount":295,"liability":true,"publicRecordId":null},{"publicRecordType":"COLLECTION_ACCT","dateFiled":{"dayOfYear":3,"monthValue":1,"nano":0,"hour":0,"second":0,"minute":0,"year":2018,"month":"JANUARY","dayOfMonth":3,"dayOfWeek":"WEDNESDAY","chronology":{"calendarType":"iso8601","id":"ISO"}},"statusDate":{"dayOfYear":3,"monthValue":1,"nano":0,"hour":0,"second":0,"minute":0,"year":2018,"month":"JANUARY","dayOfMonth":3,"dayOfWeek":"WEDNESDAY","chronology":{"calendarType":"iso8601","id":"ISO"}},"recordAmount":4342,"liability":true,"publicRecordId":null}],"creditModelScoreDto":{"creditScoreModels":[{"creditScore":515,"creditScoreReasons":null,"creditScoreRejectCode":null,"creditScoreType":null}]},"enrollmentKey":null,"providerReferenceKey":null,"referenceGUID":null,"internalStatus":null},{"auditTrailContent":null,"auditTrailResponseStatus":null,"refreshStatus":null,"tradeLineResponseDto":[{"tradeLineTypeOfAccount":null,"tradeLineCondition":"DEROGATORY","tradeLineAccountStatus":"COLLECTION_CHARGEOFF","tradeLinePortfolioType":"INVALID","tradeLineCustomerComment":"T00CLA","tradeLineCreditorIndustry":["TransunionCreditorIndustory","COLLECTION_SERVICES"],"paymentHistory":null,"subscriberName":"ERC","dateOpened":{"dayOfYear":323,"monthValue":11,"nano":0,"hour":0,"second":0,"minute":0,"year":2018,"month":"NOVEMBER","dayOfMonth":19,"dayOfWeek":"MONDAY","chronology":{"calendarType":"iso8601","id":"ISO"}},"dateClosed":null,"dateReported":{"dayOfYear":6,"monthValue":1,"nano":0,"hour":0,"second":0,"minute":0,"year":2019,"month":"JANUARY","dayOfMonth":6,"dayOfWeek":"SUNDAY","chronology":{"calendarType":"iso8601","id":"ISO"}},"maxAmount":null,"currentBalance":1249,"highCreditAmount":1249,"pastDueAmount":null,"tradeLinePaymentFrequency":null,"id":null,"userId":null,"termsDuration":null,"dateOfLastPayment":null,"count30DayPastDue":null,"count60DayPastDue":null,"count90DayPastDue":null,"creditReportId":null,"isClosed":false,"vendor":"TRANSUNION","monthlyPaymentAmount":null,"actualPaymentAmount":null,"responsibility":"INDIVIDUAL_ACCOUNT","providerId":null,"tradelineFinancialStatusMarker":{"open":true,"withLatePayment":true,"negativeAccount":true,"mortgage":false,"installment":false,"revolving":false,"other":true,"onTimePayments":0,"foreclosure":false,"bankrupt":false},"closed":false,"tradeLineId":null,"reportedYear":"2019","creditUtilization":"0.0","reportedMonthName":"January"},{"tradeLineTypeOfAccount":["TransunionTradelineTypeOfAccount","CHARGE_ACCOUNT"],"tradeLineCondition":"PAID","tradeLineAccountStatus":"PAY_AS_AGREED","tradeLinePortfolioType":"CREDIT","tradeLineCustomerComment":"T00CLO","tradeLineCreditorIndustry":["TransunionCreditorIndustory","DEPARTMENT_STORES"],"paymentHistory":"CCCCCCCCCCCCCCCCCCCCCCCCCCCCCCCCCCCCCCCCCCCCCCCC","subscriberName":"SYNCB/BELK","dateOpened":{"dayOfYear":355,"monthValue":12,"nano":0,"hour":0,"second":0,"minute":0,"year":2010,"month":"DECEMBER","dayOfMonth":21,"dayOfWeek":"TUESDAY","chronology":{"calendarType":"iso8601","id":"ISO"}},"dateClosed":{"dayOfYear":101,"monthValue":4,"nano":0,"hour":0,"second":0,"minute":0,"year":2014,"month":"APRIL","dayOfMonth":11,"dayOfWeek":"FRIDAY","chronology":{"calendarType":"iso8601","id":"ISO"}},"dateReported":{"dayOfYear":225,"monthValue":8,"nano":0,"hour":0,"second":0,"minute":0,"year":2015,"month":"AUGUST","dayOfMonth":13,"dayOfWeek":"THURSDAY","chronology":{"calendarType":"iso8601","id":"ISO"}},"maxAmount":850,"currentBalance":0,"highCreditAmount":86,"pastDueAmount":0,"tradeLinePaymentFrequency":"INVALID","id":null,"userId":null,"termsDuration":"0","dateOfLastPayment":{"dayOfYear":67,"monthValue":3,"nano":0,"hour":0,"second":0,"minute":0,"year":2011,"month":"MARCH","dayOfMonth":8,"dayOfWeek":"TUESDAY","chronology":{"calendarType":"iso8601","id":"ISO"}},"count30DayPastDue":0,"count60DayPastDue":0,"count90DayPastDue":0,"creditReportId":null,"isClosed":true,"vendor":"TRANSUNION","monthlyPaymentAmount":0,"actualPaymentAmount":null,"responsibility":"INDIVIDUAL_ACCOUNT","providerId":null,"tradelineFinancialStatusMarker":{"open":false,"withLatePayment":false,"negativeAccount":false,"mortgage":false,"installment":false,"revolving":true,"other":false,"onTimePayments":48,"foreclosure":false,"bankrupt":false},"closed":true,"tradeLineId":null,"reportedYear":"2015","creditUtilization":"0.00","reportedMonthName":"August"},{"tradeLineTypeOfAccount":["TransunionTradelineTypeOfAccount","STUDENT_LOAN"],"tradeLineCondition":"OPEN","tradeLineAccountStatus":"PAY_AS_AGREED","tradeLinePortfolioType":"INSTALLMENT","tradeLineCustomerComment":"T00PDE","tradeLineCreditorIndustry":["TransunionCreditorIndustory","EDUCATION"],"paymentHistory":"UC","subscriberName":"DEPTEDNELNET","dateOpened":{"dayOfYear":248,"monthValue":9,"nano":0,"hour":0,"second":0,"minute":0,"year":2012,"month":"SEPTEMBER","dayOfMonth":4,"dayOfWeek":"TUESDAY","chronology":{"calendarType":"iso8601","id":"ISO"}},"dateClosed":null,"dateReported":{"dayOfYear":365,"monthValue":12,"nano":0,"hour":0,"second":0,"minute":0,"year":2018,"month":"DECEMBER","dayOfMonth":31,"dayOfWeek":"MONDAY","chronology":{"calendarType":"iso8601","id":"ISO"}},"maxAmount":0,"currentBalance":6329,"highCreditAmount":5500,"pastDueAmount":0,"tradeLinePaymentFrequency":"MONTHLY","id":null,"userId":null,"termsDuration":"120","dateOfLastPayment":null,"count30DayPastDue":0,"count60DayPastDue":0,"count90DayPastDue":0,"creditReportId":null,"isClosed":false,"vendor":"TRANSUNION","monthlyPaymentAmount":0,"actualPaymentAmount":null,"responsibility":"INDIVIDUAL_ACCOUNT","providerId":null,"tradelineFinancialStatusMarker":{"open":true,"withLatePayment":false,"negativeAccount":false,"mortgage":false,"installment":true,"revolving":false,"other":false,"onTimePayments":2,"foreclosure":false,"bankrupt":false},"closed":false,"tradeLineId":null,"reportedYear":"2018","creditUtilization":"0.0","reportedMonthName":"December"},{"tradeLineTypeOfAccount":["TransunionTradelineTypeOfAccount","CHARGE_ACCOUNT"],"tradeLineCondition":"CLOSED","tradeLineAccountStatus":"PAY_AS_AGREED","tradeLinePortfolioType":"CREDIT","tradeLineCustomerComment":"T00INA","tradeLineCreditorIndustry":["TransunionCreditorIndustory","JEWELRY_CAMERAS"],"paymentHistory":"CCCCCCCCCCCCCCCCCCCCCCCCC","subscriberName":"KAY JEWELERS","dateOpened":{"dayOfYear":142,"monthValue":5,"nano":0,"hour":0,"second":0,"minute":0,"year":2010,"month":"MAY","dayOfMonth":22,"dayOfWeek":"SATURDAY","chronology":{"calendarType":"iso8601","id":"ISO"}},"dateClosed":{"dayOfYear":150,"monthValue":5,"nano":0,"hour":0,"second":0,"minute":0,"year":2012,"month":"MAY","dayOfMonth":29,"dayOfWeek":"TUESDAY","chronology":{"calendarType":"iso8601","id":"ISO"}},"dateReported":{"dayOfYear":172,"monthValue":6,"nano":0,"hour":0,"second":0,"minute":0,"year":2012,"month":"JUNE","dayOfMonth":20,"dayOfWeek":"WEDNESDAY","chronology":{"calendarType":"iso8601","id":"ISO"}},"maxAmount":500,"currentBalance":0,"highCreditAmount":0,"pastDueAmount":0,"tradeLinePaymentFrequency":"INVALID","id":null,"userId":null,"termsDuration":"0","dateOfLastPayment":null,"count30DayPastDue":0,"count60DayPastDue":0,"count90DayPastDue":0,"creditReportId":null,"isClosed":true,"vendor":"TRANSUNION","monthlyPaymentAmount":0,"actualPaymentAmount":null,"responsibility":"INDIVIDUAL_ACCOUNT","providerId":null,"tradelineFinancialStatusMarker":{"open":false,"withLatePayment":false,"negativeAccount":false,"mortgage":false,"installment":false,"revolving":true,"other":false,"onTimePayments":25,"foreclosure":false,"bankrupt":false},"closed":true,"tradeLineId":null,"reportedYear":"2012","creditUtilization":"0.00","reportedMonthName":"June"},{"tradeLineTypeOfAccount":["TransunionTradelineTypeOfAccount","AUTOMOBILE"],"tradeLineCondition":"CLOSED","tradeLineAccountStatus":"PAY_AS_AGREED","tradeLinePortfolioType":"INSTALLMENT","tradeLineCustomerComment":"T00CBC","tradeLineCreditorIndustry":["TransunionCreditorIndustory","BANKS"],"paymentHistory":"CCCCCCCCCCCCCCCCCCCCCCCCCCCCCCCCCCCCCCCCCCCCCCCC","subscriberName":"USAA FSB","dateOpened":{"dayOfYear":204,"monthValue":7,"nano":0,"hour":0,"second":0,"minute":0,"year":2009,"month":"JULY","dayOfMonth":23,"dayOfWeek":"THURSDAY","chronology":{"calendarType":"iso8601","id":"ISO"}},"dateClosed":{"dayOfYear":125,"monthValue":5,"nano":0,"hour":0,"second":0,"minute":0,"year":2014,"month":"MAY","dayOfMonth":5,"dayOfWeek":"MONDAY","chronology":{"calendarType":"iso8601","id":"ISO"}},"dateReported":{"dayOfYear":125,"monthValue":5,"nano":0,"hour":0,"second":0,"minute":0,"year":2014,"month":"MAY","dayOfMonth":5,"dayOfWeek":"MONDAY","chronology":{"calendarType":"iso8601","id":"ISO"}},"maxAmount":0,"currentBalance":0,"highCreditAmount":18305,"pastDueAmount":0,"tradeLinePaymentFrequency":"MONTHLY","id":null,"userId":null,"termsDuration":"60","dateOfLastPayment":{"dayOfYear":125,"monthValue":5,"nano":0,"hour":0,"second":0,"minute":0,"year":2014,"month":"MAY","dayOfMonth":5,"dayOfWeek":"MONDAY","chronology":{"calendarType":"iso8601","id":"ISO"}},"count30DayPastDue":0,"count60DayPastDue":0,"count90DayPastDue":0,"creditReportId":null,"isClosed":true,"vendor":"TRANSUNION","monthlyPaymentAmount":347,"actualPaymentAmount":null,"responsibility":"JOINT_ACCOUNT","providerId":null,"tradelineFinancialStatusMarker":{"open":false,"withLatePayment":false,"negativeAccount":false,"mortgage":false,"installment":true,"revolving":false,"other":false,"onTimePayments":48,"foreclosure":false,"bankrupt":false},"closed":true,"tradeLineId":null,"reportedYear":"2014","creditUtilization":"0.0","reportedMonthName":"May"},{"tradeLineTypeOfAccount":["TransunionTradelineTypeOfAccount","STUDENT_LOAN"],"tradeLineCondition":"TRANSFERRED","tradeLineAccountStatus":"PAY_AS_AGREED","tradeLinePortfolioType":"INSTALLMENT","tradeLineCustomerComment":"T00ACT","tradeLineCreditorIndustry":["TransunionCreditorIndustory","EDUCATION"],"paymentHistory":"444444443CCCCUUCCCC","subscriberName":"DEPTEDNELNET","dateOpened":{"dayOfYear":172,"monthValue":6,"nano":0,"hour":0,"second":0,"minute":0,"year":2012,"month":"JUNE","dayOfMonth":20,"dayOfWeek":"WEDNESDAY","chronology":{"calendarType":"iso8601","id":"ISO"}},"dateClosed":{"dayOfYear":159,"monthValue":6,"nano":0,"hour":0,"second":0,"minute":0,"year":2016,"month":"JUNE","dayOfMonth":7,"dayOfWeek":"TUESDAY","chronology":{"calendarType":"iso8601","id":"ISO"}},"dateReported":{"dayOfYear":159,"monthValue":6,"nano":0,"hour":0,"second":0,"minute":0,"year":2016,"month":"JUNE","dayOfMonth":7,"dayOfWeek":"TUESDAY","chronology":{"calendarType":"iso8601","id":"ISO"}},"maxAmount":0,"currentBalance":0,"highCreditAmount":5500,"pastDueAmount":0,"tradeLinePaymentFrequency":"MONTHLY","id":null,"userId":null,"termsDuration":"120","dateOfLastPayment":null,"count30DayPastDue":0,"count60DayPastDue":0,"count90DayPastDue":9,"creditReportId":null,"isClosed":true,"vendor":"TRANSUNION","monthlyPaymentAmount":0,"actualPaymentAmount":null,"responsibility":"INDIVIDUAL_ACCOUNT","providerId":null,"tradelineFinancialStatusMarker":{"open":false,"withLatePayment":false,"negativeAccount":false,"mortgage":false,"installment":true,"revolving":false,"other":false,"onTimePayments":10,"foreclosure":false,"bankrupt":false},"closed":true,"tradeLineId":null,"reportedYear":"2016","creditUtilization":"0.0","reportedMonthName":"June"},{"tradeLineTypeOfAccount":["TransunionTradelineTypeOfAccount","STUDENT_LOAN"],"tradeLineCondition":"OPEN","tradeLineAccountStatus":"PAY_AS_AGREED","tradeLinePortfolioType":"INSTALLMENT","tradeLineCustomerComment":"T00PDE","tradeLineCreditorIndustry":["TransunionCreditorIndustory","EDUCATION"],"paymentHistory":"UC","subscriberName":"DEPTEDNELNET","dateOpened":{"dayOfYear":172,"monthValue":6,"nano":0,"hour":0,"second":0,"minute":0,"year":2012,"month":"JUNE","dayOfMonth":20,"dayOfWeek":"WEDNESDAY","chronology":{"calendarType":"iso8601","id":"ISO"}},"dateClosed":null,"dateReported":{"dayOfYear":365,"monthValue":12,"nano":0,"hour":0,"second":0,"minute":0,"year":2018,"month":"DECEMBER","dayOfMonth":31,"dayOfWeek":"MONDAY","chronology":{"calendarType":"iso8601","id":"ISO"}},"maxAmount":0,"currentBalance":6252,"highCreditAmount":5500,"pastDueAmount":0,"tradeLinePaymentFrequency":"MONTHLY","id":null,"userId":null,"termsDuration":"120","dateOfLastPayment":null,"count30DayPastDue":0,"count60DayPastDue":0,"count90DayPastDue":0,"creditReportId":null,"isClosed":false,"vendor":"TRANSUNION","monthlyPaymentAmount":0,"actualPaymentAmount":null,"responsibility":"INDIVIDUAL_ACCOUNT","providerId":null,"tradelineFinancialStatusMarker":{"open":true,"withLatePayment":false,"negativeAccount":false,"mortgage":false,"installment":true,"revolving":false,"other":false,"onTimePayments":2,"foreclosure":false,"bankrupt":false},"closed":false,"tradeLineId":null,"reportedYear":"2018","creditUtilization":"0.0","reportedMonthName":"December"},{"tradeLineTypeOfAccount":["TransunionTradelineTypeOfAccount","STUDENT_LOAN"],"tradeLineCondition":"OPEN","tradeLineAccountStatus":"PAY_AS_AGREED","tradeLinePortfolioType":"INSTALLMENT","tradeLineCustomerComment":"T00PDE","tradeLineCreditorIndustry":["TransunionCreditorIndustory","EDUCATION"],"paymentHistory":"UC","subscriberName":"DEPTEDNELNET","dateOpened":{"dayOfYear":283,"monthValue":10,"nano":0,"hour":0,"second":0,"minute":0,"year":2018,"month":"OCTOBER","dayOfMonth":10,"dayOfWeek":"WEDNESDAY","chronology":{"calendarType":"iso8601","id":"ISO"}},"dateClosed":null,"dateReported":{"dayOfYear":365,"monthValue":12,"nano":0,"hour":0,"second":0,"minute":0,"year":2018,"month":"DECEMBER","dayOfMonth":31,"dayOfWeek":"MONDAY","chronology":{"calendarType":"iso8601","id":"ISO"}},"maxAmount":0,"currentBalance":10403,"highCreditAmount":10250,"pastDueAmount":0,"tradeLinePaymentFrequency":"INVALID","id":null,"userId":null,"termsDuration":"0","dateOfLastPayment":null,"count30DayPastDue":0,"count60DayPastDue":0,"count90DayPastDue":0,"creditReportId":null,"isClosed":false,"vendor":"TRANSUNION","monthlyPaymentAmount":0,"actualPaymentAmount":null,"responsibility":"INDIVIDUAL_ACCOUNT","providerId":null,"tradelineFinancialStatusMarker":{"open":true,"withLatePayment":false,"negativeAccount":false,"mortgage":false,"installment":true,"revolving":false,"other":false,"onTimePayments":2,"foreclosure":false,"bankrupt":false},"closed":false,"tradeLineId":null,"reportedYear":"2018","creditUtilization":"0.0","reportedMonthName":"December"},{"tradeLineTypeOfAccount":["TransunionTradelineTypeOfAccount","CREDIT_CARD"],"tradeLineCondition":"DEROGATORY","tradeLineAccountStatus":"COLLECTION_CHARGEOFF","tradeLinePortfolioType":"CREDIT","tradeLineCustomerComment":"TM009,T00PNR","tradeLineCreditorIndustry":["TransunionCreditorIndustory","BANKS"],"paymentHistory":null,"subscriberName":"WELLS FARGO","dateOpened":{"dayOfYear":5,"monthValue":1,"nano":0,"hour":0,"second":0,"minute":0,"year":2014,"month":"JANUARY","dayOfMonth":5,"dayOfWeek":"SUNDAY","chronology":{"calendarType":"iso8601","id":"ISO"}},"dateClosed":{"dayOfYear":134,"monthValue":5,"nano":0,"hour":0,"second":0,"minute":0,"year":2014,"month":"MAY","dayOfMonth":14,"dayOfWeek":"WEDNESDAY","chronology":{"calendarType":"iso8601","id":"ISO"}},"dateReported":{"dayOfYear":7,"monthValue":1,"nano":0,"hour":0,"second":0,"minute":0,"year":2019,"month":"JANUARY","dayOfMonth":7,"dayOfWeek":"MONDAY","chronology":{"calendarType":"iso8601","id":"ISO"}},"maxAmount":1000,"currentBalance":831,"highCreditAmount":831,"pastDueAmount":831,"tradeLinePaymentFrequency":"INVALID","id":null,"userId":null,"termsDuration":"0","dateOfLastPayment":null,"count30DayPastDue":0,"count60DayPastDue":0,"count90DayPastDue":0,"creditReportId":null,"isClosed":true,"vendor":"TRANSUNION","monthlyPaymentAmount":0,"actualPaymentAmount":null,"responsibility":"INDIVIDUAL_ACCOUNT","providerId":null,"tradelineFinancialStatusMarker":{"open":false,"withLatePayment":true,"negativeAccount":true,"mortgage":false,"installment":false,"revolving":true,"other":false,"onTimePayments":0,"foreclosure":false,"bankrupt":false},"closed":true,"tradeLineId":null,"reportedYear":"2019","creditUtilization":"83.10","reportedMonthName":"January"},{"tradeLineTypeOfAccount":["TransunionTradelineTypeOfAccount","STUDENT_LOAN"],"tradeLineCondition":"TRANSFERRED","tradeLineAccountStatus":"PAY_AS_AGREED","tradeLinePortfolioType":"INSTALLMENT","tradeLineCustomerComment":"T00ACT","tradeLineCreditorIndustry":["TransunionCreditorIndustory","EDUCATION"],"paymentHistory":"444444443CCCCUUCCCC","subscriberName":"DEPTEDNELNET","dateOpened":{"dayOfYear":248,"monthValue":9,"nano":0,"hour":0,"second":0,"minute":0,"year":2012,"month":"SEPTEMBER","dayOfMonth":4,"dayOfWeek":"TUESDAY","chronology":{"calendarType":"iso8601","id":"ISO"}},"dateClosed":{"dayOfYear":159,"monthValue":6,"nano":0,"hour":0,"second":0,"minute":0,"year":2016,"month":"JUNE","dayOfMonth":7,"dayOfWeek":"TUESDAY","chronology":{"calendarType":"iso8601","id":"ISO"}},"dateReported":{"dayOfYear":159,"monthValue":6,"nano":0,"hour":0,"second":0,"minute":0,"year":2016,"month":"JUNE","dayOfMonth":7,"dayOfWeek":"TUESDAY","chronology":{"calendarType":"iso8601","id":"ISO"}},"maxAmount":0,"currentBalance":0,"highCreditAmount":5500,"pastDueAmount":0,"tradeLinePaymentFrequency":"MONTHLY","id":null,"userId":null,"termsDuration":"120","dateOfLastPayment":null,"count30DayPastDue":0,"count60DayPastDue":0,"count90DayPastDue":9,"creditReportId":null,"isClosed":true,"vendor":"TRANSUNION","monthlyPaymentAmount":0,"actualPaymentAmount":null,"responsibility":"INDIVIDUAL_ACCOUNT","providerId":null,"tradelineFinancialStatusMarker":{"open":false,"withLatePayment":false,"negativeAccount":false,"mortgage":false,"installment":true,"revolving":false,"other":false,"onTimePayments":10,"foreclosure":false,"bankrupt":false},"closed":true,"tradeLineId":null,"reportedYear":"2016","creditUtilization":"0.0","reportedMonthName":"June"},{"tradeLineTypeOfAccount":null,"tradeLineCondition":"DEROGATORY","tradeLineAccountStatus":"COLLECTION_CHARGEOFF","tradeLinePortfolioType":"INVALID","tradeLineCustomerComment":"T00CLA","tradeLineCreditorIndustry":["TransunionCreditorIndustory","COLLECTION_SERVICES"],"paymentHistory":null,"subscriberName":"MERCHANTSCOL","dateOpened":{"dayOfYear":97,"monthValue":4,"nano":0,"hour":0,"second":0,"minute":0,"year":2016,"month":"APRIL","dayOfMonth":6,"dayOfWeek":"WEDNESDAY","chronology":{"calendarType":"iso8601","id":"ISO"}},"dateClosed":null,"dateReported":{"dayOfYear":9,"monthValue":1,"nano":0,"hour":0,"second":0,"minute":0,"year":2019,"month":"JANUARY","dayOfMonth":9,"dayOfWeek":"WEDNESDAY","chronology":{"calendarType":"iso8601","id":"ISO"}},"maxAmount":null,"currentBalance":4330,"highCreditAmount":4342,"pastDueAmount":null,"tradeLinePaymentFrequency":null,"id":null,"userId":null,"termsDuration":null,"dateOfLastPayment":null,"count30DayPastDue":null,"count60DayPastDue":null,"count90DayPastDue":null,"creditReportId":null,"isClosed":false,"vendor":"TRANSUNION","monthlyPaymentAmount":null,"actualPaymentAmount":null,"responsibility":"INDIVIDUAL_ACCOUNT","providerId":null,"tradelineFinancialStatusMarker":{"open":true,"withLatePayment":true,"negativeAccount":true,"mortgage":false,"installment":false,"revolving":false,"other":true,"onTimePayments":0,"foreclosure":false,"bankrupt":false},"closed":false,"tradeLineId":null,"reportedYear":"2019","creditUtilization":"0.0","reportedMonthName":"January"}],"inquiryResponseDto":[{"inquiryDate":{"dayOfYear":260,"monthValue":9,"nano":0,"hour":0,"second":0,"minute":0,"year":2018,"month":"SEPTEMBER","dayOfMonth":17,"dayOfWeek":"MONDAY","chronology":{"calendarType":"iso8601","id":"ISO"}},"inquirerName":"CFNA","inquiryIntent":["TransunionTradelineTypeOfAccount","INVALID"],"inquirerIndustry":["TransunionCreditorIndustory","NATIONAL_CREDIT_CARDS"],"inquiryDescription":"I","inquiryAmount":null,"id":0}],"publicRecordResponseDto":[{"publicRecordType":"COLLECTION_ACCT","dateFiled":{"dayOfYear":6,"monthValue":1,"nano":0,"hour":0,"second":0,"minute":0,"year":2019,"month":"JANUARY","dayOfMonth":6,"dayOfWeek":"SUNDAY","chronology":{"calendarType":"iso8601","id":"ISO"}},"statusDate":{"dayOfYear":6,"monthValue":1,"nano":0,"hour":0,"second":0,"minute":0,"year":2019,"month":"JANUARY","dayOfMonth":6,"dayOfWeek":"SUNDAY","chronology":{"calendarType":"iso8601","id":"ISO"}},"recordAmount":1249,"liability":true,"publicRecordId":null},{"publicRecordType":"COLLECTION_ACCT","dateFiled":{"dayOfYear":9,"monthValue":1,"nano":0,"hour":0,"second":0,"minute":0,"year":2019,"month":"JANUARY","dayOfMonth":9,"dayOfWeek":"WEDNESDAY","chronology":{"calendarType":"iso8601","id":"ISO"}},"statusDate":{"dayOfYear":9,"monthValue":1,"nano":0,"hour":0,"second":0,"minute":0,"year":2019,"month":"JANUARY","dayOfMonth":9,"dayOfWeek":"WEDNESDAY","chronology":{"calendarType":"iso8601","id":"ISO"}},"recordAmount":4330,"liability":true,"publicRecordId":null},{"publicRecordType":"COLLECTION_ACCT","dateFiled":{"dayOfYear":7,"monthValue":1,"nano":0,"hour":0,"second":0,"minute":0,"year":2019,"month":"JANUARY","dayOfMonth":7,"dayOfWeek":"MONDAY","chronology":{"calendarType":"iso8601","id":"ISO"}},"statusDate":{"dayOfYear":7,"monthValue":1,"nano":0,"hour":0,"second":0,"minute":0,"year":2019,"month":"JANUARY","dayOfMonth":7,"dayOfWeek":"MONDAY","chronology":{"calendarType":"iso8601","id":"ISO"}},"recordAmount":831,"liability":true,"publicRecordId":null}],"creditModelScoreDto":{"creditScoreModels":[{"creditScore":532,"creditScoreReasons":null,"creditScoreRejectCode":null,"creditScoreType":null}]},"enrollmentKey":null,"providerReferenceKey":null,"referenceGUID":null,"internalStatus":null},{"auditTrailContent":null,"auditTrailResponseStatus":null,"refreshStatus":null,"tradeLineResponseDto":[{"tradeLineTypeOfAccount":["TransunionTradelineTypeOfAccount","STUDENT_LOAN"],"tradeLineCondition":"OPEN","tradeLineAccountStatus":"PAY_AS_AGREED","tradeLinePortfolioType":"INSTALLMENT","tradeLineCustomerComment":"T00PDE","tradeLineCreditorIndustry":["TransunionCreditorIndustory","EDUCATION"],"paymentHistory":"UUUUUUUC","subscriberName":"DEPTEDNELNET","dateOpened":{"dayOfYear":283,"monthValue":10,"nano":0,"hour":0,"second":0,"minute":0,"year":2018,"month":"OCTOBER","dayOfMonth":10,"dayOfWeek":"WEDNESDAY","chronology":{"calendarType":"iso8601","id":"ISO"}},"dateClosed":null,"dateReported":{"dayOfYear":181,"monthValue":6,"nano":0,"hour":0,"second":0,"minute":0,"year":2019,"month":"JUNE","dayOfMonth":30,"dayOfWeek":"SUNDAY","chronology":{"calendarType":"iso8601","id":"ISO"}},"maxAmount":0,"currentBalance":21244,"highCreditAmount":20500,"pastDueAmount":0,"tradeLinePaymentFrequency":"INVALID","id":null,"userId":null,"termsDuration":"0","dateOfLastPayment":null,"count30DayPastDue":0,"count60DayPastDue":0,"count90DayPastDue":0,"creditReportId":null,"isClosed":false,"vendor":"TRANSUNION","monthlyPaymentAmount":0,"actualPaymentAmount":null,"responsibility":"INDIVIDUAL_ACCOUNT","providerId":null,"tradelineFinancialStatusMarker":{"open":true,"withLatePayment":false,"negativeAccount":false,"mortgage":false,"installment":true,"revolving":false,"other":false,"onTimePayments":8,"foreclosure":false,"bankrupt":false},"closed":false,"tradeLineId":null,"reportedYear":"2019","creditUtilization":"0.0","reportedMonthName":"June"},{"tradeLineTypeOfAccount":["TransunionTradelineTypeOfAccount","STUDENT_LOAN"],"tradeLineCondition":"TRANSFERRED","tradeLineAccountStatus":"PAY_AS_AGREED","tradeLinePortfolioType":"INSTALLMENT","tradeLineCustomerComment":"T00ACT","tradeLineCreditorIndustry":["TransunionCreditorIndustory","EDUCATION"],"paymentHistory":"444444443CCCCUUCCCC","subscriberName":"DEPTEDNELNET","dateOpened":{"dayOfYear":172,"monthValue":6,"nano":0,"hour":0,"second":0,"minute":0,"year":2012,"month":"JUNE","dayOfMonth":20,"dayOfWeek":"WEDNESDAY","chronology":{"calendarType":"iso8601","id":"ISO"}},"dateClosed":{"dayOfYear":159,"monthValue":6,"nano":0,"hour":0,"second":0,"minute":0,"year":2016,"month":"JUNE","dayOfMonth":7,"dayOfWeek":"TUESDAY","chronology":{"calendarType":"iso8601","id":"ISO"}},"dateReported":{"dayOfYear":159,"monthValue":6,"nano":0,"hour":0,"second":0,"minute":0,"year":2016,"month":"JUNE","dayOfMonth":7,"dayOfWeek":"TUESDAY","chronology":{"calendarType":"iso8601","id":"ISO"}},"maxAmount":0,"currentBalance":0,"highCreditAmount":5500,"pastDueAmount":0,"tradeLinePaymentFrequency":"MONTHLY","id":null,"userId":null,"termsDuration":"120","dateOfLastPayment":null,"count30DayPastDue":0,"count60DayPastDue":0,"count90DayPastDue":9,"creditReportId":null,"isClosed":true,"vendor":"TRANSUNION","monthlyPaymentAmount":0,"actualPaymentAmount":null,"responsibility":"INDIVIDUAL_ACCOUNT","providerId":null,"tradelineFinancialStatusMarker":{"open":false,"withLatePayment":false,"negativeAccount":false,"mortgage":false,"installment":true,"revolving":false,"other":false,"onTimePayments":10,"foreclosure":false,"bankrupt":false},"closed":true,"tradeLineId":null,"reportedYear":"2016","creditUtilization":"0.0","reportedMonthName":"June"},{"tradeLineTypeOfAccount":["TransunionTradelineTypeOfAccount","CHARGE_ACCOUNT"],"tradeLineCondition":"PAID","tradeLineAccountStatus":"PAY_AS_AGREED","tradeLinePortfolioType":"CREDIT","tradeLineCustomerComment":"T00CLO","tradeLineCreditorIndustry":["TransunionCreditorIndustory","DEPARTMENT_STORES"],"paymentHistory":"CCCCCCCCCCCCCCCCCCCCCCCCCCCCCCCCCCCCCCCCCCCCCCCC","subscriberName":"SYNCB/BELK","dateOpened":{"dayOfYear":355,"monthValue":12,"nano":0,"hour":0,"second":0,"minute":0,"year":2010,"month":"DECEMBER","dayOfMonth":21,"dayOfWeek":"TUESDAY","chronology":{"calendarType":"iso8601","id":"ISO"}},"dateClosed":{"dayOfYear":101,"monthValue":4,"nano":0,"hour":0,"second":0,"minute":0,"year":2014,"month":"APRIL","dayOfMonth":11,"dayOfWeek":"FRIDAY","chronology":{"calendarType":"iso8601","id":"ISO"}},"dateReported":{"dayOfYear":225,"monthValue":8,"nano":0,"hour":0,"second":0,"minute":0,"year":2015,"month":"AUGUST","dayOfMonth":13,"dayOfWeek":"THURSDAY","chronology":{"calendarType":"iso8601","id":"ISO"}},"maxAmount":850,"currentBalance":0,"highCreditAmount":86,"pastDueAmount":0,"tradeLinePaymentFrequency":"INVALID","id":null,"userId":null,"termsDuration":"0","dateOfLastPayment":{"dayOfYear":67,"monthValue":3,"nano":0,"hour":0,"second":0,"minute":0,"year":2011,"month":"MARCH","dayOfMonth":8,"dayOfWeek":"TUESDAY","chronology":{"calendarType":"iso8601","id":"ISO"}},"count30DayPastDue":0,"count60DayPastDue":0,"count90DayPastDue":0,"creditReportId":null,"isClosed":true,"vendor":"TRANSUNION","monthlyPaymentAmount":0,"actualPaymentAmount":null,"responsibility":"INDIVIDUAL_ACCOUNT","providerId":null,"tradelineFinancialStatusMarker":{"open":false,"withLatePayment":false,"negativeAccount":false,"mortgage":false,"installment":false,"revolving":true,"other":false,"onTimePayments":48,"foreclosure":false,"bankrupt":false},"closed":true,"tradeLineId":null,"reportedYear":"2015","creditUtilization":"0.00","reportedMonthName":"August"},{"tradeLineTypeOfAccount":["TransunionTradelineTypeOfAccount","CREDIT_CARD"],"tradeLineCondition":"CLOSED","tradeLineAccountStatus":"LATE_60_DAYS","tradeLinePortfolioType":"CREDIT","tradeLineCustomerComment":"T00CBG","tradeLineCreditorIndustry":["TransunionCreditorIndustory","BANKS"],"paymentHistory":"1CCCC","subscriberName":"CAPITAL ONE","dateOpened":{"dayOfYear":39,"monthValue":2,"nano":0,"hour":0,"second":0,"minute":0,"year":2019,"month":"FEBRUARY","dayOfMonth":8,"dayOfWeek":"FRIDAY","chronology":{"calendarType":"iso8601","id":"ISO"}},"dateClosed":{"dayOfYear":184,"monthValue":7,"nano":0,"hour":0,"second":0,"minute":0,"year":2019,"month":"JULY","dayOfMonth":3,"dayOfWeek":"WEDNESDAY","chronology":{"calendarType":"iso8601","id":"ISO"}},"dateReported":{"dayOfYear":214,"monthValue":8,"nano":0,"hour":0,"second":0,"minute":0,"year":2019,"month":"AUGUST","dayOfMonth":2,"dayOfWeek":"FRIDAY","chronology":{"calendarType":"iso8601","id":"ISO"}},"maxAmount":300,"currentBalance":479,"highCreditAmount":479,"pastDueAmount":61,"tradeLinePaymentFrequency":"INVALID","id":null,"userId":null,"termsDuration":"0","dateOfLastPayment":{"dayOfYear":208,"monthValue":7,"nano":0,"hour":0,"second":0,"minute":0,"year":2019,"month":"JULY","dayOfMonth":27,"dayOfWeek":"SATURDAY","chronology":{"calendarType":"iso8601","id":"ISO"}},"count30DayPastDue":1,"count60DayPastDue":0,"count90DayPastDue":0,"creditReportId":null,"isClosed":true,"vendor":"TRANSUNION","monthlyPaymentAmount":52,"actualPaymentAmount":null,"responsibility":"INDIVIDUAL_ACCOUNT","providerId":null,"tradelineFinancialStatusMarker":{"open":false,"withLatePayment":true,"negativeAccount":false,"mortgage":false,"installment":false,"revolving":true,"other":false,"onTimePayments":4,"foreclosure":false,"bankrupt":false},"closed":true,"tradeLineId":null,"reportedYear":"2019","creditUtilization":"0.0","reportedMonthName":"August"},{"tradeLineTypeOfAccount":["TransunionTradelineTypeOfAccount","CREDIT_CARD"],"tradeLineCondition":"PAID","tradeLineAccountStatus":"COLLECTION_CHARGEOFF","tradeLinePortfolioType":"CREDIT","tradeLineCustomerComment":"TM09P,T00PPL","tradeLineCreditorIndustry":["TransunionCreditorIndustory","BANKS"],"paymentHistory":null,"subscriberName":"WELLS FARGO","dateOpened":{"dayOfYear":5,"monthValue":1,"nano":0,"hour":0,"second":0,"minute":0,"year":2014,"month":"JANUARY","dayOfMonth":5,"dayOfWeek":"SUNDAY","chronology":{"calendarType":"iso8601","id":"ISO"}},"dateClosed":{"dayOfYear":134,"monthValue":5,"nano":0,"hour":0,"second":0,"minute":0,"year":2014,"month":"MAY","dayOfMonth":14,"dayOfWeek":"WEDNESDAY","chronology":{"calendarType":"iso8601","id":"ISO"}},"dateReported":{"dayOfYear":188,"monthValue":7,"nano":0,"hour":0,"second":0,"minute":0,"year":2019,"month":"JULY","dayOfMonth":7,"dayOfWeek":"SUNDAY","chronology":{"calendarType":"iso8601","id":"ISO"}},"maxAmount":1000,"currentBalance":0,"highCreditAmount":831,"pastDueAmount":0,"tradeLinePaymentFrequency":"INVALID","id":null,"userId":null,"termsDuration":"0","dateOfLastPayment":{"dayOfYear":57,"monthValue":2,"nano":0,"hour":0,"second":0,"minute":0,"year":2019,"month":"FEBRUARY","dayOfMonth":26,"dayOfWeek":"TUESDAY","chronology":{"calendarType":"iso8601","id":"ISO"}},"count30DayPastDue":0,"count60DayPastDue":0,"count90DayPastDue":0,"creditReportId":null,"isClosed":true,"vendor":"TRANSUNION","monthlyPaymentAmount":0,"actualPaymentAmount":null,"responsibility":"INDIVIDUAL_ACCOUNT","providerId":null,"tradelineFinancialStatusMarker":{"open":false,"withLatePayment":true,"negativeAccount":true,"mortgage":false,"installment":false,"revolving":true,"other":false,"onTimePayments":0,"foreclosure":false,"bankrupt":false},"closed":true,"tradeLineId":null,"reportedYear":"2019","creditUtilization":"0.00","reportedMonthName":"July"},{"tradeLineTypeOfAccount":null,"tradeLineCondition":"DEROGATORY","tradeLineAccountStatus":"COLLECTION_CHARGEOFF","tradeLinePortfolioType":"INVALID","tradeLineCustomerComment":"T00CLA","tradeLineCreditorIndustry":["TransunionCreditorIndustory","COLLECTION_SERVICES"],"paymentHistory":null,"subscriberName":"ERC","dateOpened":{"dayOfYear":323,"monthValue":11,"nano":0,"hour":0,"second":0,"minute":0,"year":2018,"month":"NOVEMBER","dayOfMonth":19,"dayOfWeek":"MONDAY","chronology":{"calendarType":"iso8601","id":"ISO"}},"dateClosed":null,"dateReported":{"dayOfYear":216,"monthValue":8,"nano":0,"hour":0,"second":0,"minute":0,"year":2019,"month":"AUGUST","dayOfMonth":4,"dayOfWeek":"SUNDAY","chronology":{"calendarType":"iso8601","id":"ISO"}},"maxAmount":null,"currentBalance":1249,"highCreditAmount":1249,"pastDueAmount":null,"tradeLinePaymentFrequency":null,"id":null,"userId":null,"termsDuration":null,"dateOfLastPayment":null,"count30DayPastDue":null,"count60DayPastDue":null,"count90DayPastDue":null,"creditReportId":null,"isClosed":false,"vendor":"TRANSUNION","monthlyPaymentAmount":null,"actualPaymentAmount":null,"responsibility":"INDIVIDUAL_ACCOUNT","providerId":null,"tradelineFinancialStatusMarker":{"open":true,"withLatePayment":true,"negativeAccount":true,"mortgage":false,"installment":false,"revolving":false,"other":true,"onTimePayments":0,"foreclosure":false,"bankrupt":false},"closed":false,"tradeLineId":null,"reportedYear":"2019","creditUtilization":"0.0","reportedMonthName":"August"},{"tradeLineTypeOfAccount":["TransunionTradelineTypeOfAccount","STUDENT_LOAN"],"tradeLineCondition":"TRANSFERRED","tradeLineAccountStatus":"PAY_AS_AGREED","tradeLinePortfolioType":"INSTALLMENT","tradeLineCustomerComment":"T00ACT","tradeLineCreditorIndustry":["TransunionCreditorIndustory","EDUCATION"],"paymentHistory":"444444443CCCCUUCCCC","subscriberName":"DEPTEDNELNET","dateOpened":{"dayOfYear":248,"monthValue":9,"nano":0,"hour":0,"second":0,"minute":0,"year":2012,"month":"SEPTEMBER","dayOfMonth":4,"dayOfWeek":"TUESDAY","chronology":{"calendarType":"iso8601","id":"ISO"}},"dateClosed":{"dayOfYear":159,"monthValue":6,"nano":0,"hour":0,"second":0,"minute":0,"year":2016,"month":"JUNE","dayOfMonth":7,"dayOfWeek":"TUESDAY","chronology":{"calendarType":"iso8601","id":"ISO"}},"dateReported":{"dayOfYear":159,"monthValue":6,"nano":0,"hour":0,"second":0,"minute":0,"year":2016,"month":"JUNE","dayOfMonth":7,"dayOfWeek":"TUESDAY","chronology":{"calendarType":"iso8601","id":"ISO"}},"maxAmount":0,"currentBalance":0,"highCreditAmount":5500,"pastDueAmount":0,"tradeLinePaymentFrequency":"MONTHLY","id":null,"userId":null,"termsDuration":"120","dateOfLastPayment":null,"count30DayPastDue":0,"count60DayPastDue":0,"count90DayPastDue":9,"creditReportId":null,"isClosed":true,"vendor":"TRANSUNION","monthlyPaymentAmount":0,"actualPaymentAmount":null,"responsibility":"INDIVIDUAL_ACCOUNT","providerId":null,"tradelineFinancialStatusMarker":{"open":false,"withLatePayment":false,"negativeAccount":false,"mortgage":false,"installment":true,"revolving":false,"other":false,"onTimePayments":10,"foreclosure":false,"bankrupt":false},"closed":true,"tradeLineId":null,"reportedYear":"2016","creditUtilization":"0.0","reportedMonthName":"June"},{"tradeLineTypeOfAccount":["TransunionTradelineTypeOfAccount","AUTOMOBILE"],"tradeLineCondition":"CLOSED","tradeLineAccountStatus":"PAY_AS_AGREED","tradeLinePortfolioType":"INSTALLMENT","tradeLineCustomerComment":"T00CBC","tradeLineCreditorIndustry":["TransunionCreditorIndustory","BANKS"],"paymentHistory":"CCCCCCCCCCCCCCCCCCCCCCCCCCCCCCCCCCCCCCCCCCCCCCCC","subscriberName":"USAA FSB","dateOpened":{"dayOfYear":204,"monthValue":7,"nano":0,"hour":0,"second":0,"minute":0,"year":2009,"month":"JULY","dayOfMonth":23,"dayOfWeek":"THURSDAY","chronology":{"calendarType":"iso8601","id":"ISO"}},"dateClosed":{"dayOfYear":125,"monthValue":5,"nano":0,"hour":0,"second":0,"minute":0,"year":2014,"month":"MAY","dayOfMonth":5,"dayOfWeek":"MONDAY","chronology":{"calendarType":"iso8601","id":"ISO"}},"dateReported":{"dayOfYear":125,"monthValue":5,"nano":0,"hour":0,"second":0,"minute":0,"year":2014,"month":"MAY","dayOfMonth":5,"dayOfWeek":"MONDAY","chronology":{"calendarType":"iso8601","id":"ISO"}},"maxAmount":0,"currentBalance":0,"highCreditAmount":18305,"pastDueAmount":0,"tradeLinePaymentFrequency":"MONTHLY","id":null,"userId":null,"termsDuration":"60","dateOfLastPayment":{"dayOfYear":125,"monthValue":5,"nano":0,"hour":0,"second":0,"minute":0,"year":2014,"month":"MAY","dayOfMonth":5,"dayOfWeek":"MONDAY","chronology":{"calendarType":"iso8601","id":"ISO"}},"count30DayPastDue":0,"count60DayPastDue":0,"count90DayPastDue":0,"creditReportId":null,"isClosed":true,"vendor":"TRANSUNION","monthlyPaymentAmount":0,"actualPaymentAmount":null,"responsibility":"JOINT_ACCOUNT","providerId":null,"tradelineFinancialStatusMarker":{"open":false,"withLatePayment":false,"negativeAccount":false,"mortgage":false,"installment":true,"revolving":false,"other":false,"onTimePayments":48,"foreclosure":false,"bankrupt":false},"closed":true,"tradeLineId":null,"reportedYear":"2014","creditUtilization":"0.0","reportedMonthName":"May"},{"tradeLineTypeOfAccount":["TransunionTradelineTypeOfAccount","STUDENT_LOAN"],"tradeLineCondition":"OPEN","tradeLineAccountStatus":"PAY_AS_AGREED","tradeLinePortfolioType":"INSTALLMENT","tradeLineCustomerComment":"T00PDE","tradeLineCreditorIndustry":["TransunionCreditorIndustory","EDUCATION"],"paymentHistory":"UUUUUUUC","subscriberName":"DEPTEDNELNET","dateOpened":{"dayOfYear":172,"monthValue":6,"nano":0,"hour":0,"second":0,"minute":0,"year":2012,"month":"JUNE","dayOfMonth":20,"dayOfWeek":"WEDNESDAY","chronology":{"calendarType":"iso8601","id":"ISO"}},"dateClosed":null,"dateReported":{"dayOfYear":181,"monthValue":6,"nano":0,"hour":0,"second":0,"minute":0,"year":2019,"month":"JUNE","dayOfMonth":30,"dayOfWeek":"SUNDAY","chronology":{"calendarType":"iso8601","id":"ISO"}},"maxAmount":0,"currentBalance":6252,"highCreditAmount":5500,"pastDueAmount":0,"tradeLinePaymentFrequency":"MONTHLY","id":null,"userId":null,"termsDuration":"120","dateOfLastPayment":null,"count30DayPastDue":0,"count60DayPastDue":0,"count90DayPastDue":0,"creditReportId":null,"isClosed":false,"vendor":"TRANSUNION","monthlyPaymentAmount":0,"actualPaymentAmount":null,"responsibility":"INDIVIDUAL_ACCOUNT","providerId":null,"tradelineFinancialStatusMarker":{"open":true,"withLatePayment":false,"negativeAccount":false,"mortgage":false,"installment":true,"revolving":false,"other":false,"onTimePayments":8,"foreclosure":false,"bankrupt":false},"closed":false,"tradeLineId":null,"reportedYear":"2019","creditUtilization":"0.0","reportedMonthName":"June"},{"tradeLineTypeOfAccount":["TransunionTradelineTypeOfAccount","CHARGE_ACCOUNT"],"tradeLineCondition":"CLOSED","tradeLineAccountStatus":"PAY_AS_AGREED","tradeLinePortfolioType":"CREDIT","tradeLineCustomerComment":"T00INA","tradeLineCreditorIndustry":["TransunionCreditorIndustory","JEWELRY_CAMERAS"],"paymentHistory":"CCCCCCCCCCCCCCCCCCCCCCCCC","subscriberName":"KAY JEWELERS","dateOpened":{"dayOfYear":142,"monthValue":5,"nano":0,"hour":0,"second":0,"minute":0,"year":2010,"month":"MAY","dayOfMonth":22,"dayOfWeek":"SATURDAY","chronology":{"calendarType":"iso8601","id":"ISO"}},"dateClosed":{"dayOfYear":150,"monthValue":5,"nano":0,"hour":0,"second":0,"minute":0,"year":2012,"month":"MAY","dayOfMonth":29,"dayOfWeek":"TUESDAY","chronology":{"calendarType":"iso8601","id":"ISO"}},"dateReported":{"dayOfYear":172,"monthValue":6,"nano":0,"hour":0,"second":0,"minute":0,"year":2012,"month":"JUNE","dayOfMonth":20,"dayOfWeek":"WEDNESDAY","chronology":{"calendarType":"iso8601","id":"ISO"}},"maxAmount":500,"currentBalance":0,"highCreditAmount":0,"pastDueAmount":0,"tradeLinePaymentFrequency":"INVALID","id":null,"userId":null,"termsDuration":"0","dateOfLastPayment":null,"count30DayPastDue":0,"count60DayPastDue":0,"count90DayPastDue":0,"creditReportId":null,"isClosed":true,"vendor":"TRANSUNION","monthlyPaymentAmount":0,"actualPaymentAmount":null,"responsibility":"INDIVIDUAL_ACCOUNT","providerId":null,"tradelineFinancialStatusMarker":{"open":false,"withLatePayment":false,"negativeAccount":false,"mortgage":false,"installment":false,"revolving":true,"other":false,"onTimePayments":25,"foreclosure":false,"bankrupt":false},"closed":true,"tradeLineId":null,"reportedYear":"2012","creditUtilization":"0.00","reportedMonthName":"June"},{"tradeLineTypeOfAccount":["TransunionTradelineTypeOfAccount","STUDENT_LOAN"],"tradeLineCondition":"OPEN","tradeLineAccountStatus":"PAY_AS_AGREED","tradeLinePortfolioType":"INSTALLMENT","tradeLineCustomerComment":"T00PDE","tradeLineCreditorIndustry":["TransunionCreditorIndustory","EDUCATION"],"paymentHistory":"UUUUUUUC","subscriberName":"DEPTEDNELNET","dateOpened":{"dayOfYear":248,"monthValue":9,"nano":0,"hour":0,"second":0,"minute":0,"year":2012,"month":"SEPTEMBER","dayOfMonth":4,"dayOfWeek":"TUESDAY","chronology":{"calendarType":"iso8601","id":"ISO"}},"dateClosed":null,"dateReported":{"dayOfYear":181,"monthValue":6,"nano":0,"hour":0,"second":0,"minute":0,"year":2019,"month":"JUNE","dayOfMonth":30,"dayOfWeek":"SUNDAY","chronology":{"calendarType":"iso8601","id":"ISO"}},"maxAmount":0,"currentBalance":6329,"highCreditAmount":5500,"pastDueAmount":0,"tradeLinePaymentFrequency":"MONTHLY","id":null,"userId":null,"termsDuration":"120","dateOfLastPayment":null,"count30DayPastDue":0,"count60DayPastDue":0,"count90DayPastDue":0,"creditReportId":null,"isClosed":false,"vendor":"TRANSUNION","monthlyPaymentAmount":0,"actualPaymentAmount":null,"responsibility":"INDIVIDUAL_ACCOUNT","providerId":null,"tradelineFinancialStatusMarker":{"open":true,"withLatePayment":false,"negativeAccount":false,"mortgage":false,"installment":true,"revolving":false,"other":false,"onTimePayments":8,"foreclosure":false,"bankrupt":false},"closed":false,"tradeLineId":null,"reportedYear":"2019","creditUtilization":"0.0","reportedMonthName":"June"}],"inquiryResponseDto":[{"inquiryDate":{"dayOfYear":260,"monthValue":9,"nano":0,"hour":0,"second":0,"minute":0,"year":2018,"month":"SEPTEMBER","dayOfMonth":17,"dayOfWeek":"MONDAY","chronology":{"calendarType":"iso8601","id":"ISO"}},"inquirerName":"CFNA","inquiryIntent":["TransunionTradelineTypeOfAccount","INVALID"],"inquirerIndustry":["TransunionCreditorIndustory","NATIONAL_CREDIT_CARDS"],"inquiryDescription":"I","inquiryAmount":null,"id":0},{"inquiryDate":{"dayOfYear":39,"monthValue":2,"nano":0,"hour":0,"second":0,"minute":0,"year":2019,"month":"FEBRUARY","dayOfMonth":8,"dayOfWeek":"FRIDAY","chronology":{"calendarType":"iso8601","id":"ISO"}},"inquirerName":"CAP ONE","inquiryIntent":["TransunionTradelineTypeOfAccount","INVALID"],"inquirerIndustry":["TransunionCreditorIndustory","BANKS"],"inquiryDescription":"I","inquiryAmount":null,"id":0}],"publicRecordResponseDto":[{"publicRecordType":"COLLECTION_ACCT","dateFiled":{"dayOfYear":216,"monthValue":8,"nano":0,"hour":0,"second":0,"minute":0,"year":2019,"month":"AUGUST","dayOfMonth":4,"dayOfWeek":"SUNDAY","chronology":{"calendarType":"iso8601","id":"ISO"}},"statusDate":{"dayOfYear":216,"monthValue":8,"nano":0,"hour":0,"second":0,"minute":0,"year":2019,"month":"AUGUST","dayOfMonth":4,"dayOfWeek":"SUNDAY","chronology":{"calendarType":"iso8601","id":"ISO"}},"recordAmount":1249,"liability":true,"publicRecordId":null},{"publicRecordType":"COLLECTION_ACCT","dateFiled":{"dayOfYear":188,"monthValue":7,"nano":0,"hour":0,"second":0,"minute":0,"year":2019,"month":"JULY","dayOfMonth":7,"dayOfWeek":"SUNDAY","chronology":{"calendarType":"iso8601","id":"ISO"}},"statusDate":{"dayOfYear":188,"monthValue":7,"nano":0,"hour":0,"second":0,"minute":0,"year":2019,"month":"JULY","dayOfMonth":7,"dayOfWeek":"SUNDAY","chronology":{"calendarType":"iso8601","id":"ISO"}},"recordAmount":0,"liability":false,"publicRecordId":null}],"creditModelScoreDto":{"creditScoreModels":[{"creditScore":503,"creditScoreReasons":null,"creditScoreRejectCode":null,"creditScoreType":null}]},"enrollmentKey":null,"providerReferenceKey":null,"referenceGUID":null,"internalStatus":null},{"auditTrailContent":null,"auditTrailResponseStatus":null,"refreshStatus":null,"tradeLineResponseDto":[],"inquiryResponseDto":[],"publicRecordResponseDto":[],"creditModelScoreDto":{"creditScoreModels":[]},"enrollmentKey":null,"providerReferenceKey":null,"referenceGUID":null,"internalStatus":null}],"alertDto":[{"userId":null,"dismissed":false,"date":null,"details":"Your credit report shows a new account from DIVERSIFIED ADJ SVC. If this isn't right, dispute this with TransUnion."},{"userId":null,"dismissed":false,"date":null,"details":"There's a new inquiry from CFNA on your credit report. If you haven't had your credit checked recently, dispute this with TransUnion."},{"userId":null,"dismissed":false,"date":null,"details":"Your credit report shows a new account from DEPT OF ED / NELNET. If this isn't right, dispute this with TransUnion."},{"userId":null,"dismissed":false,"date":null,"details":"You've paid off a past due balance with DEPT OF ED / NELNET. Way to go!"},{"userId":null,"dismissed":false,"date":null,"details":"You've paid off a past due balance with DEPT OF ED / NELNET. Way to go!"},{"userId":null,"dismissed":false,"date":null,"details":"Your credit score went up more than 10 points. Great job! See what's going right with your score."},{"userId":null,"dismissed":false,"date":null,"details":"Your credit score went up more than 10 points. Great job! See what's going right with your score."},{"userId":null,"dismissed":false,"date":null,"details":"Your credit score has changed by more than 10 points. See what changed your score."},{"userId":null,"dismissed":false,"date":null,"details":"Your credit report shows a new account from ENHANCED RECOVERY COMPAN. If this isn't right, dispute this with TransUnion."},{"userId":null,"dismissed":false,"date":null,"details":"You owe 1249 in collections to 11 SPRINT. If this doesn't look right, dispute this with TransUnion."},{"userId":null,"dismissed":false,"date":null,"details":"You've brought down the balance you owe in collections. Well done! Your total balance is now 4330."},{"userId":null,"dismissed":false,"date":null,"details":"There's a new inquiry from CAPITAL ONE BANK USA NA on your credit report. If you haven't had your credit checked recently, dispute this with TransUnion."},{"userId":null,"dismissed":false,"date":null,"details":"You've paid off a past due balance with WELLS FARGO CARD SERVICE. Way to go!"},{"userId":null,"dismissed":false,"date":null,"details":"WELLS FARGO has placed a charge-off on your account as of 2014-01-05. To learn more, contact TransUnion."},{"userId":null,"dismissed":false,"date":null,"details":"Your credit report shows a new account from CAPITAL ONE BANK USA NA. If this isn't right, dispute this with TransUnion."},{"userId":null,"dismissed":false,"date":null,"details":"You went over your limit of 300 on your CAPITAL ONE card. If not, dispute this with TransUnion."},{"userId":null,"dismissed":false,"date":null,"details":"You went over your limit of 300 on your CAPITAL ONE card. If not, dispute this with TransUnion."},{"userId":null,"dismissed":false,"date":null,"details":"Your CAPITAL ONE BANK USA NA account has been flagged as delinquent on your credit report. If this isn't right, dispute this with TransUnion."},{"userId":null,"dismissed":false,"date":null,"details":"You went over your limit of 300 on your CAPITAL ONE card. If not, dispute this with TransUnion."},{"userId":null,"dismissed":false,"date":null,"details":"Your CAPITAL ONE BANK USA NA account has been flagged as delinquent on your credit report. If this isn't right, dispute this with TransUnion."},{"userId":null,"dismissed":false,"date":null,"details":"You closed 1 accounts with CAPITAL ONE on 2019-07-03. If this isn't right, dispute this with TransUnion."},{"userId":null,"dismissed":false,"date":null,"details":"Your credit score has changed by more than 10 points. See what changed your score."},{"userId":null,"dismissed":false,"date":null,"details":"Your CAPITAL ONE BANK USA NA account has been flagged as delinquent on your credit report. If this isn't right, dispute this with TransUnion."},{"userId":null,"dismissed":false,"date":null,"details":"You've paid off a past due balance with CAPITAL ONE BANK USA NA. Way to go!"},{"userId":null,"dismissed":false,"date":null,"details":"Your credit score went up more than 10 points. Great job! See what's going right with your score."},{"userId":null,"dismissed":false,"date":null,"details":"Your CAPITAL ONE BANK USA NA account has been flagged as delinquent on your credit report. If this isn't right, dispute this with TransUnion."},{"userId":null,"dismissed":false,"date":null,"details":"You've paid off a past due balance with CAPITAL ONE BANK USA NA. Way to go!"},{"userId":null,"dismissed":false,"date":null,"details":"Your credit report shows a new account from DIVERSIFIED CONSULTNTS. If this isn't right, dispute this with TransUnion."},{"userId":null,"dismissed":false,"date":null,"details":"You owe 1249 in collections to 11 SPRINT. If this doesn't look right, dispute this with TransUnion."},{"userId":null,"dismissed":false,"date":null,"details":"Your credit score has changed by more than 10 points. See what changed your score."},{"userId":null,"dismissed":false,"date":null,"details":"You've brought down the balance you owe in collections. Well done! Your total balance is now 1103."},{"userId":null,"dismissed":false,"date":null,"details":"Your CAPITAL ONE BANK USA NA account has been flagged as delinquent on your credit report. If this isn't right, dispute this with TransUnion."},{"userId":null,"dismissed":false,"date":null,"details":"Your credit score has changed by more than 10 points. See what changed your score."},{"userId":null,"dismissed":false,"date":null,"details":"Your CAPITAL ONE BANK USA NA account has been flagged as delinquent on your credit report. If this isn't right, dispute this with TransUnion."},{"userId":null,"dismissed":false,"date":null,"details":"Your credit score went up more than 10 points. Great job! See what's going right with your score."},{"userId":null,"dismissed":false,"date":null,"details":"You've paid off a past due balance with CAPITAL ONE BANK USA NA. Way to go!"},{"userId":null,"dismissed":false,"date":null,"details":"Your CAPITAL ONE BANK USA NA account has been flagged as delinquent on your credit report. If this isn't right, dispute this with TransUnion."},{"userId":null,"dismissed":false,"date":null,"details":"Your credit score went up more than 10 points. Great job! See what's going right with your score."},{"userId":null,"dismissed":false,"date":null,"details":"Your CAPITAL ONE BANK USA NA account has been flagged as delinquent on your credit report. If this isn't right, dispute this with TransUnion."},{"userId":null,"dismissed":false,"date":null,"details":"There's a new inquiry from CFNA on your credit report. If you haven't had your credit checked recently, dispute this with TransUnion."},{"userId":null,"dismissed":false,"date":null,"details":"Your CAPITAL ONE BANK USA NA account has been flagged as delinquent on your credit report. If this isn't right, dispute this with TransUnion."},{"userId":null,"dismissed":false,"date":null,"details":"Your credit score went up more than 10 points. Great job! See what's going right with your score."},{"userId":null,"dismissed":false,"date":null,"details":"Your credit report shows a new account from WEBBANK/FINGERHUT. If this isn't right, dispute this with TransUnion."},{"userId":null,"dismissed":false,"date":null,"details":"Your credit score went up more than 10 points. Great job! See what's going right with your score."},{"userId":null,"dismissed":false,"date":null,"details":"There's a new inquiry from TBOM/MILESTONE on your credit report. If you haven't had your credit checked recently, dispute this with TransUnion."},{"userId":null,"dismissed":false,"date":null,"details":"There's a new inquiry from FEB/DESTINY on your credit report. If you haven't had your credit checked recently, dispute this with TransUnion."}],"simulateVantageScoreReportRequestDto":[]}