{
  "turbo" : {
    "profile" : {
      "firstUseComplete" : true,
      "primaryUser" : {
        "annualIncomeFromTaxReturn" : {
          "value" : 0,
          "source" : "Calculated",
          "timestamp" : "2018-02-05T19:59:49.930Z"
        },
        "annualIncomeSelfReported" : {
          "value" : 700,
          "source" : "UserEntered",
          "timestamp" : "2018-02-05T20:01:24.527Z"
        },
        "firstName" : {
          "value" : "Hubert",
          "source" : "OII",
          "timestamp" : "2018-02-05T20:00:41.919Z"
        },
        "lastName" : {
          "value" : "Maxwell",
          "source" : "OII",
          "timestamp" : "2018-02-05T20:00:41.919Z"
        },
        "dateOfBirth" : {
          "value" : "1990-07-11",
          "source" : "OII",
          "timestamp" : "2018-02-05T20:00:41.919Z"
        },
        "streetAddress" : {
          "value" : "1023 Delaware St",
          "source" : "OII",
          "timestamp" : "2018-02-05T20:00:41.919Z"
        },
        "streetAddress2" : {
          "value" : null,
          "source" : "Calculated",
          "timestamp" : "2018-02-05T19:59:49.929Z"
        },
        "zipCode" : {
          "value" : "32304",
          "source" : "OII",
          "timestamp" : "2018-02-05T20:00:41.919Z"
        },
        "city" : {
          "value" : "Tallahassee",
          "source" : "OII",
          "timestamp" : "2018-02-05T20:00:41.919Z"
        },
        "state" : {
          "value" : "FL",
          "source" : "OII",
          "timestamp" : "2018-02-05T20:00:41.919Z"
        },
        "email" : {
          "value" : "hubertmaxwell34@gmail.com",
          "source" : "Calculated",
          "timestamp" : "2018-02-05T20:00:48.260Z"
        },
        "mobile" : {
          "value" : "8502733609",
          "source" : "Calculated",
          "timestamp" : "2018-02-05T19:59:49.929Z"
        },
        "creditScore" : {
          "value" : 0,
          "source" : "Calculated",
          "timestamp" : "2018-02-05T20:00:48.260Z"
        },
        "vantageScore" : {
          "value" : 515,
          "source" : "Calculated",
          "timestamp" : "2018-02-05T20:00:48.260Z"
        },
        "debtToIncome" : {
          "value" : null,
          "source" : "Calculated",
          "timestamp" : "2018-02-05T19:59:49.929Z"
        },
        "ownHouse" : {
          "value" : false,
          "source" : "Calculated",
          "timestamp" : "2018-02-05T20:00:48.260Z"
        },
        "monthlyRentPayment" : {
          "value" : 0,
          "source" : "UserEntered",
          "timestamp" : "2018-02-05T20:01:24.527Z"
        },
        "monthlyAlimonyAndChildSupport" : {
          "value" : null,
          "source" : "Calculated",
          "timestamp" : "2018-02-05T19:59:49.929Z"
        },
        "occupation" : {
          "value" : "Unemployed",
          "source" : "Calculated",
          "timestamp" : "2018-02-05T19:59:49.930Z"
        },
        "filingStatus" : {
          "value" : "single",
          "source" : "Calculated",
          "timestamp" : "2018-02-05T19:59:49.929Z"
        },
        "totalMonthlyPayments" : {
          "value" : 0,
          "source" : "Calculated",
          "timestamp" : "2018-02-05T19:59:49.930Z"
        },
        "age" : {
          "value" : 27,
          "source" : "Calculated",
          "timestamp" : "2018-02-05T19:59:49.930Z"
        },
        "taxReturnYear" : {
          "value" : "2017",
          "source" : "Calculated",
          "timestamp" : "2018-02-05T19:59:49.930Z"
        },
        "country" : {
          "value" : null,
          "source" : "OII",
          "timestamp" : "2018-02-05T20:00:41.919Z"
        },
        "debtToIncomeRounded" : {
          "value" : null,
          "source" : "Calculated",
          "timestamp" : "2018-02-05T19:59:49.929Z"
        }
      },
      "spouse" : {
        "firstName" : {
          "value" : null,
          "source" : "Calculated",
          "timestamp" : "2018-02-05T19:59:49.930Z"
        },
        "lastName" : {
          "value" : null,
          "source" : "Calculated",
          "timestamp" : "2018-02-05T19:59:49.930Z"
        },
        "streetAddress" : {
          "value" : "1023 Delaware St",
          "source" : "Calculated",
          "timestamp" : "2018-02-05T19:59:49.930Z"
        },
        "streetAddress2" : {
          "value" : null,
          "source" : "Calculated",
          "timestamp" : "2018-02-05T19:59:49.930Z"
        },
        "city" : {
          "value" : "Tallahassee",
          "source" : "Calculated",
          "timestamp" : "2018-02-05T19:59:49.930Z"
        },
        "state" : {
          "value" : "FL",
          "source" : "Calculated",
          "timestamp" : "2018-02-05T19:59:49.930Z"
        },
        "country" : {
          "value" : null,
          "source" : "Calculated",
          "timestamp" : "2018-02-05T19:59:49.930Z"
        },
        "zipCode" : {
          "value" : "32304",
          "source" : "Calculated",
          "timestamp" : "2018-02-05T19:59:49.930Z"
        },
        "dateOfBirth" : {
          "value" : null,
          "source" : "Calculated",
          "timestamp" : "2018-02-05T19:59:49.930Z"
        },
        "occupation" : {
          "value" : null,
          "source" : "Calculated",
          "timestamp" : "2018-02-05T19:59:49.930Z"
        },
        "filingStatus" : {
          "value" : "single",
          "source" : "Calculated",
          "timestamp" : "2018-02-05T19:59:49.930Z"
        },
        "monthlyRentPayment" : {
          "value" : null,
          "source" : "Calculated",
          "timestamp" : "2018-02-05T19:59:49.930Z"
        },
        "monthlyAlimonyAndChildSupport" : {
          "value" : null,
          "source" : "Calculated",
          "timestamp" : "2018-02-05T19:59:49.930Z"
        },
        "annualIncomeFromTaxReturn" : {
          "value" : null,
          "source" : "Calculated",
          "timestamp" : "2018-02-05T19:59:49.930Z"
        },
        "annualIncomeSelfReported" : {
          "value" : null,
          "source" : "Calculated",
          "timestamp" : "2018-02-05T19:59:49.930Z"
        },
        "creditScore" : {
          "value" : null,
          "source" : "Calculated",
          "timestamp" : "2018-02-05T19:59:49.930Z"
        },
        "vantageScore" : {
          "value" : null,
          "source" : "Calculated",
          "timestamp" : "2018-02-05T19:59:49.930Z"
        },
        "debtToIncome" : {
          "value" : null,
          "source" : "Calculated",
          "timestamp" : "2018-02-05T19:59:49.930Z"
        },
        "debtToIncomeRounded" : {
          "value" : null,
          "source" : "Calculated",
          "timestamp" : "2018-02-05T19:59:49.930Z"
        },
        "mobile" : {
          "value" : "8502733609",
          "source" : "Calculated",
          "timestamp" : "2018-02-05T19:59:49.930Z"
        },
        "age" : {
          "value" : null,
          "source" : "Calculated",
          "timestamp" : "2018-02-05T19:59:49.930Z"
        },
        "email" : {
          "value" : null,
          "source" : "Calculated",
          "timestamp" : "2018-02-05T19:59:49.930Z"
        },
        "ownHouse" : {
          "value" : null,
          "source" : "Calculated",
          "timestamp" : "2018-02-05T19:59:49.930Z"
        }
      }
    }
  }
}