{
  "_meta" : {
    "statusCode" : 200,
    "statusMessage" : "retrieved all the user related data"
  },
  "data" : {
    "preferences" : {
      "session" : {
        "web" : {
          "count" : 2,
          "timestamp" : "1565276427879"
        }
      },
      "userIntent" : [ {
        "value" : [ "IMPROVE_CREDIT_SCORE" ],
        "timestamp" : "1547505942208"
      } ]
    },
    "content" : [ {
      "content" : "Don't be afraid of multiple credit inquiries while loan shopping. For mortgages, auto loans and student loans, comparing your options during a 14- to 45-day period is treated as a single inquiry when calculating your score.",
      "action" : "SEEN",
      "timestamp" : "Jan 14, 2019 10:48:12 PM GMT"
    }, {
      "content" : "Don't be afraid of multiple credit inquiries while loan shopping. For mortgages, auto loans and student loans, comparing your options during a 14- to 45-day period is treated as a single inquiry when calculating your score.",
      "action" : "SEEN",
      "timestamp" : "Jan 14, 2019 10:48:49 PM GMT"
    }, {
      "content" : "Don't be afraid of multiple credit inquiries while loan shopping. For mortgages, auto loans and student loans, comparing your options during a 14- to 45-day period is treated as a single inquiry when calculating your score.",
      "action" : "SEEN",
      "timestamp" : "Jan 14, 2019 10:49:00 PM GMT"
    }, {
      "content" : "Consider paying at least the minimum balance on your debt. Missing a payment may lead to expensive late fees and interest rate increases.",
      "action" : "SEEN",
      "timestamp" : "Jan 14, 2019 10:48:06 PM GMT"
    }, {
      "content" : "Consider paying at least the minimum balance on your debt. Missing a payment may lead to expensive late fees and interest rate increases.",
      "action" : "SEEN",
      "timestamp" : "Jan 14, 2019 10:48:24 PM GMT"
    }, {
      "content" : "Consider paying at least the minimum balance on your debt. Missing a payment may lead to expensive late fees and interest rate increases.",
      "action" : "SEEN",
      "timestamp" : "Jan 14, 2019 10:48:44 PM GMT"
    }, {
      "content" : "A monthly bill payment calendar could be helpful to keep track of your debt payments. Include the due dates for each payment and when you’ll be paid.",
      "action" : "SEEN",
      "timestamp" : "Jan 14, 2019 10:48:05 PM GMT"
    }, {
      "content" : "Having trouble paying your debts? You might consider debt consolidation to combine all your accounts into a single, lower monthly payment.",
      "action" : "SEEN",
      "timestamp" : "Jan 14, 2019 10:48:20 PM GMT"
    }, {
      "content" : "Consider paying more than the minimum due for your debt payments. This can help to pay down your accounts faster while saving on interest.",
      "action" : "SEEN",
      "timestamp" : "Jan 14, 2019 10:48:00 PM GMT"
    }, {
      "content" : "You may not want to assume your credit score is good just because you pay your bills on time. The only way to know is to check often.",
      "action" : "SEEN",
      "timestamp" : "Jan 14, 2019 10:45:23 PM GMT"
    }, {
      "content" : "You may not want to assume your credit score is good just because you pay your bills on time. The only way to know is to check often.",
      "action" : "UPVOTE",
      "timestamp" : "Jan 14, 2019 10:46:33 PM GMT"
    }, {
      "content" : "Because 1 in 5 Americans find errors on their credit report, checking yours once per month to look for errors may help you prevent hits to your score and fix costly mistakes.",
      "action" : "SEEN",
      "timestamp" : "Aug 08, 2019 03:00:33 PM GMT"
    } ]
  }
}