{"persons": [{"addresses": [{"kind": "UNKNOWN", "freeformAddress": "1023 Delaware St Tallahassee FL 32304 US", "s42Address": {"country": "US", "city": "Tallahassee", "postcode": "32304", "state": "FL"}}], "displayNames": ["Hubert Maxwell"], "profiles": [{"name": {"firstName": "Hubert", "lastName": "Maxwell", "displayName": "Hubert Maxwell"}}, {"emails": [{"kind": "UNKNOWN", "email": "hubertmaxwell34@gmail.com"}], "addresses": [{"kind": "UNKNOWN", "s42Address": {"country": "US", "city": "Tallahassee", "postcode": "32304", "state": "FL"}, "freeformAddress": "1023 Delaware St Tallahassee FL US 32304"}], "name": {"firstName": "Hubert", "lastName": "Maxwell", "displayName": "Hubert Maxwell"}, "phoneNumbers": [{"areaCode": "850", "userEnteredPhoneNumber": "8502733609", "kind": "FIXED_LINE_OR_MOBILE", "countryCode": "1", "e164Number": "+18502733609", "parsedNumber": "2733609"}, {"areaCode": "850", "userEnteredPhoneNumber": "8505831121", "kind": "FIXED_LINE_OR_MOBILE", "countryCode": "1", "e164Number": "+18505831121", "parsedNumber": "5831121"}]}, {"emails": [{"kind": "UNKNOWN", "email": "hubertmaxwell34@gmail.com"}], "addresses": [{"kind": "UNKNOWN", "freeformAddress": "US", "s42Address": {"country": "US"}}], "name": {"firstName": "Hubert", "lastName": "Maxwell", "displayName": "Hubert Maxwell"}, "phoneNumbers": [{"areaCode": "850", "userEnteredPhoneNumber": "+18502733609", "countryCode": "1", "kind": "FIXED_LINE_OR_MOBILE", "e164Number": "+18502733609", "parsedNumber": "2733609"}]}], "phoneNumbers": [{"areaCode": "850", "userEnteredPhoneNumber": "8502733609", "kind": "FIXED_LINE_OR_MOBILE", "countryCode": "1", "e164Number": "+18502733609", "parsedNumber": "2733609"}, {"areaCode": "850", "userEnteredPhoneNumber": "8505831121", "kind": "FIXED_LINE_OR_MOBILE", "countryCode": "1", "e164Number": "+18505831121", "parsedNumber": "5831121"}], "emails": [{"kind": "UNKNOWN", "email": "hubertmaxwell34@gmail.com"}], "name": {"firstName": "Hubert", "lastName": "Maxwell", "displayName": "Hubert Maxwell"}, "usernames": ["hubertmaxwell34@gmail.com"]}, {"addresses": [{"kind": "UNKNOWN", "freeformAddress": "1023 Delaware St Tallahassee FL 32304 US", "s42Address": {"country": "US", "city": "Tallahassee", "postcode": "32304", "state": "FL"}}], "displayNames": ["Hubert Maxwell"], "profiles": [{"name": {"firstName": "Hubert", "lastName": "Maxwell", "displayName": "Hubert Maxwell"}}, {"emails": [{"kind": "UNKNOWN", "email": "hubertmaxwell34@gmail.com"}], "addresses": [{"kind": "UNKNOWN", "s42Address": {"country": "US", "city": "Tallahassee", "postcode": "32304", "state": "FL"}, "freeformAddress": "1023 Delaware St Tallahassee FL US 32304"}], "name": {"firstName": "Hubert", "lastName": "Maxwell", "displayName": "Hubert Maxwell"}, "phoneNumbers": [{"areaCode": "850", "userEnteredPhoneNumber": "8502733609", "kind": "FIXED_LINE_OR_MOBILE", "countryCode": "1", "e164Number": "+18502733609", "parsedNumber": "2733609"}, {"areaCode": "850", "userEnteredPhoneNumber": "8505831121", "kind": "FIXED_LINE_OR_MOBILE", "countryCode": "1", "e164Number": "+18505831121", "parsedNumber": "5831121"}]}, {"emails": [{"kind": "UNKNOWN", "email": "hubertmaxwell34@gmail.com"}], "addresses": [{"kind": "UNKNOWN", "freeformAddress": "US", "s42Address": {"country": "US"}}], "name": {"firstName": "Hubert", "lastName": "Maxwell", "displayName": "Hubert Maxwell"}, "phoneNumbers": [{"areaCode": "850", "userEnteredPhoneNumber": "+18502733609", "countryCode": "1", "kind": "FIXED_LINE_OR_MOBILE", "e164Number": "+18502733609", "parsedNumber": "2733609"}]}], "phoneNumbers": [{"areaCode": "850", "userEnteredPhoneNumber": "8502733609", "kind": "FIXED_LINE_OR_MOBILE", "countryCode": "1", "e164Number": "+18502733609", "parsedNumber": "2733609"}, {"areaCode": "850", "userEnteredPhoneNumber": "8505831121", "kind": "FIXED_LINE_OR_MOBILE", "countryCode": "1", "e164Number": "+18505831121", "parsedNumber": "5831121"}], "emails": [{"kind": "UNKNOWN", "email": "hubertmaxwell34@gmail.com"}], "name": {"firstName": "Hubert", "lastName": "Maxwell", "displayName": "Hubert Maxwell"}, "usernames": ["hubertmaxwell34@gmail.com"]}], "organizations": [{"phoneNumbers": [{"kind": "FIXED_LINE_OR_MOBILE", "userEnteredPhoneNumber": "+18502733609", "countryCode": "1", "e164Number": "+18502733609", "parsedNumber": "2733609", "areaCode": "850"}], "emails": [{"kind": "UNKNOWN", "email": "hubertmaxwell34@gmail.com"}], "names": ["Tsunami Flow"], "dba": "Tsunami Flow", "country": "US", "type": "BUSINESS", "inactive": true}]}