[{"partyId":"7843412500","workOrderItem":"d9481d6a3e8b4e91ab3db10e4be054f0","addresses":[{"address":{"addressId":"598873621","addr1":"1929 BLUFF RD","city":"COLUMBIA","state":"SC","postalCode":"29201","postalCodeExt":"5100","countryId":"US","county":"RICHLAND"}},{"address":{"addressId":"719519886","addr1":"1023 DELAWARE ST","city":"TALLAHASSEE","state":"FL","postalCode":"32304","postalCodeExt":"2334","countryId":"US","county":"LEON"}}],"names":[{"name":{"nameId":"639718467","lastName":"MAXWELL","firstName":"HUBERT","lastNameNoStd":"maxwell","firstNameNoStd":"hubert"}}],"emails":[{"email":{"emailId":"293548589","emailAddr":"hubertmaxwell34@gmail.com","lastSystemId":4}}],"phones":[{"phone":{"phoneId":"567694564","phone":"803-467-8688"}},{"phone":{"phoneId":"641503480","phone":"850-273-3609"}}]}]