{"totalSize":21,"done":true,"records":[{"piiType":"PII Address (Non-Business or Business)","collectedValue":"Americas"},{"piiType":"PII Individual Name or Company Name","collectedValue":"Tsunami Flow"},{"piiType":"PII Address (Non-Business or Business)","collectedValue":"USA"},{"piiType":"PII Phone (Non-Business or Business)","collectedValue":"8502733609"},{"piiType":"PII Email Address","collectedValue":"hubertmaxwell34@gmail.com"},{"piiType":"PII Individual Name or Company Name","collectedValue":"Hubert"},{"piiType":"PII Phone (Non-Business or Business)","collectedValue":"+1 8502733609"},{"piiType":"PII Phone (Non-Business or Business)","collectedValue":"+1"},{"piiType":"PII Phone (Non-Business or Business)","collectedValue":"+18502733609"},{"piiType":"PII Individual Name or Company Name","collectedValue":"Hubert Maxwell"},{"piiType":"PII Phone (Non-Business or Business)","collectedValue":"+118502733609"},{"piiType":"PII Individual Name or Company Name","collectedValue":"Maxwell"},{"piiType":"PII Email Address","collectedValue":"unmapped_persona_627024b77fb04050b5757287d0eb2b19@intuit.com"},{"piiType":"PII Individual Name or Company Name","collectedValue":"NotProvided"},{"piiType":"PII Individual Name or Company Name","collectedValue":"NotProvided NotProvided"},{"piiType":"PII Email Address","collectedValue":"unmapped_persona_31014687247d46159c37ac2f0bd1de96@intuit.com"},{"piiType":"PII Address (Non-Business or Business)","collectedValue":"change me"},{"piiType":"PII Address (Non-Business or Business)","collectedValue":"Name"},{"piiType":"PII Address (Non-Business or Business)","collectedValue":"Tsunami Flow"},{"piiType":"PII User Name","collectedValue":"hubertmaxwell34@gmail.com"},{"piiType":"PII Phone (Non-Business or Business)","collectedValue":"8505831121"}]}