[ {
  "dateCreated" : 1582416541000,
  "dateUpdated" : 1588673268000,
  "name" : "Spending Account",
  "nickname" : "Spending Account",
  "fiName" : "Chime",
  "currentBalance" : 36.36,
  "externalId" : "urn:account:fdp::accountid:b0dca470-55d0-11ea-9f16-8e84b376078c",
  "connectionSource" : "FDP",
  "status" : "ACTIVE",
  "loginId" : "1d2b414a-158e-493d-9d99-d981d8ea3adb",
  "type" : "Bank",
  "subType" : "CHECKING",
  "deleted" : false,
  "staticFiId" : "dc4abe91-b03f-4dd2-9987-102db5767235",
  "dateUpdatedAtSource" : 1588673268000,
  "accountNumber" : "Spending Account",
  "externalFiLoginId" : "1d2b414a-158e-493d-9d99-d981d8ea3adb",
  "visible" : true,
  "metaData" : {
    "channelType" : "webIntegration",
    "accountEntitlementEnabled" : false,
    "channelMigrationDate" : null,
    "sourceAcqLastSuccessDate" : null,
    "targetAcqStartDate" : null,
    "providerCountryCode" : "USA"
  },
  "primaryType" : "NONE"
}, {
  "dateCreated" : 1582416541000,
  "dateUpdated" : 1583708326000,
  "name" : "Savings Account",
  "nickname" : "Savings Account",
  "fiName" : "Chime",
  "currentBalance" : 1.84,
  "externalId" : "urn:account:fdp::accountid:b0dca471-55d0-11ea-9f16-8e84b376078c",
  "connectionSource" : "FDP",
  "status" : "ACTIVE",
  "loginId" : "1d2b414a-158e-493d-9d99-d981d8ea3adb",
  "type" : "Bank",
  "subType" : "SAVINGS",
  "deleted" : false,
  "staticFiId" : "dc4abe91-b03f-4dd2-9987-102db5767235",
  "accountNumber" : "Savings Account",
  "externalFiLoginId" : "1d2b414a-158e-493d-9d99-d981d8ea3adb",
  "visible" : false,
  "metaData" : {
    "channelType" : "webIntegration",
    "accountEntitlementEnabled" : false,
    "channelMigrationDate" : null,
    "sourceAcqLastSuccessDate" : null,
    "targetAcqStartDate" : null,
    "providerCountryCode" : "USA"
  },
  "primaryType" : "NONE"
}, {
  "dateCreated" : 1582416689000,
  "dateUpdated" : 1593673803000,
  "name" : "Acorns",
  "nickname" : "Acorns",
  "fiName" : "Acorns",
  "currentBalance" : 14.70,
  "externalId" : "urn:account:fdp::accountid:09d6a850-55d1-11ea-82ec-c6e29a2b70c7",
  "connectionSource" : "FDP",
  "status" : "ACTIVE",
  "loginId" : "ec474d3a-b058-4ffe-84fb-9ab1a0090920",
  "type" : "Investment",
  "subType" : "CHECKING",
  "deleted" : false,
  "staticFiId" : "7d1b9ab7-2466-4be6-b158-30828cb40f86",
  "dateUpdatedAtSource" : 1588647095000,
  "accountNumber" : "Acorns",
  "externalFiLoginId" : "ec474d3a-b058-4ffe-84fb-9ab1a0090920",
  "visible" : true,
  "metaData" : {
    "channelType" : "webIntegration",
    "accountEntitlementEnabled" : false,
    "channelMigrationDate" : null,
    "sourceAcqLastSuccessDate" : null,
    "targetAcqStartDate" : null,
    "providerCountryCode" : "USA"
  },
  "primaryType" : "NONE"
}, {
  "dateCreated" : 1582416768000,
  "dateUpdated" : 1583246452000,
  "name" : "PayPal",
  "fiName" : "PayPal",
  "currentBalance" : 0.00,
  "externalId" : "GHMBD74F2KG5S_171908",
  "connectionSource" : "PAYPAL",
  "status" : "ACTIVE",
  "loginId" : "2464046",
  "type" : "Integration",
  "deleted" : false,
  "dateUpdatedAtSource" : 1583246452000,
  "visible" : true,
  "primaryType" : "NONE"
}, {
  "dateCreated" : 1582416850000,
  "dateUpdated" : 1594815150000,
  "name" : "Hubert",
  "nickname" : "Hubert",
  "fiName" : "Bluebird by American Express",
  "currentBalance" : 0.32,
  "externalId" : "urn:account:fdp::accountid:696d7b90-55d1-11ea-b2b5-36819da7ce11",
  "connectionSource" : "FDP",
  "status" : "ACTIVE",
  "loginId" : "57c430ac-5bb0-43b1-afa4-034c08b55008",
  "type" : "Bank",
  "subType" : "CHECKING",
  "deleted" : false,
  "staticFiId" : "b477f2df-9159-4a16-b2ce-24244f896998",
  "dateUpdatedAtSource" : 1588676974000,
  "accountNumber" : "XXXXXXXXX3740",
  "externalFiLoginId" : "57c430ac-5bb0-43b1-afa4-034c08b55008",
  "visible" : true,
  "metaData" : {
    "channelType" : "webIntegration",
    "accountEntitlementEnabled" : false,
    "channelMigrationDate" : null,
    "sourceAcqLastSuccessDate" : null,
    "targetAcqStartDate" : null,
    "providerCountryCode" : "USA"
  },
  "primaryType" : "NONE"
} ]