[ {
  "dateCreated" : 1582416565000,
  "dateUpdated" : 1582416565000,
  "sourceAccount" : null,
  "sourceDescription" : "DoorDash",
  "sourceAmount" : null,
  "sourceEffectiveStartDate" : null,
  "sourceEffectiveEndDate" : null,
  "targetBusinessCategory" : {
    "dateCreated" : null,
    "dateUpdated" : null,
    "name" : "Income",
    "categoryType" : "INCOME"
  },
  "targetPersonalCategory" : null,
  "targetIsBusiness" : true,
  "targetIsPersonal" : false,
  "active" : true,
  "priority" : 0,
  "forwardLooking" : false,
  "systemRule" : true,
  "partialMatch" : true,
  "sourceFiDescription" : null,
  "incomeOnly" : true,
  "ruleSplits" : [ ]
}, {
  "dateCreated" : 1582416954000,
  "dateUpdated" : 1582416956000,
  "sourceAccount" : null,
  "sourceDescription" : "Deposit",
  "sourceAmount" : null,
  "sourceEffectiveStartDate" : null,
  "sourceEffectiveEndDate" : null,
  "targetBusinessCategory" : {
    "dateCreated" : null,
    "dateUpdated" : null,
    "name" : "Uncategorized",
    "categoryType" : "EXPENSE"
  },
  "targetPersonalCategory" : {
    "dateCreated" : null,
    "dateUpdated" : null,
    "name" : "Uncategorized",
    "depth" : 1,
    "categoryType" : "EXPENSE",
    "custom" : false,
    "hidden" : false
  },
  "targetIsBusiness" : false,
  "targetIsPersonal" : false,
  "active" : true,
  "priority" : 0,
  "forwardLooking" : true,
  "systemRule" : false,
  "partialMatch" : false,
  "sourceFiDescription" : null,
  "incomeOnly" : false,
  "ruleSplits" : [ {
    "dateCreated" : 1582416954000,
    "dateUpdated" : 1582416954000,
    "businessCategory" : {
      "dateCreated" : null,
      "dateUpdated" : null,
      "name" : "Income",
      "categoryType" : "INCOME"
    },
    "personalCategory" : {
      "dateCreated" : null,
      "dateUpdated" : null,
      "name" : "Uncategorized",
      "depth" : 1,
      "categoryType" : "EXPENSE",
      "custom" : false,
      "hidden" : false
    },
    "user" : {
      "dateCreated" : 1582416490000,
      "dateUpdated" : 1582416491000,
      "authId" : 679121815,
      "email" : "hubertmaxwell34@gmail.com",
      "userName" : "hubertmaxwell34@gmail.com",
      "firstName" : "Hubert",
      "lastName" : "Maxwell",
      "recentLogin" : 1582416491000,
      "previousLogin" : null,
      "lastFtuNagDate" : null,
      "referrerId" : null,
      "roles" : "ROLE_USER",
      "tosAccepted" : true,
      "importMigratedSuccess" : null,
      "channel" : "FDP",
      "testUser" : false,
      "responseLoggingOn" : false,
      "iamNamespace" : "50000003",
      "referrer" : "tto-17",
      "insider" : null,
      "testDrive" : false,
      "locale" : "en_US",
      "provisional" : false,
      "dateMigratedToFDS" : null,
      "migrationBitMap" : null,
      "version" : 1,
      "password" : "",
      "authorities" : [ {
        "authority" : "ROLE_USER"
      } ],
      "enabled" : true,
      "fullName" : "Hubert Maxwell",
      "username" : "hubertmaxwell34@gmail.com",
      "accountNonExpired" : true,
      "accountNonLocked" : true,
      "credentialsNonExpired" : true,
      "authIdAsString" : "679121815"
    },
    "business" : true,
    "targetSplitPercentage" : 0.50,
    "excluded" : false
  }, {
    "dateCreated" : 1582416954000,
    "dateUpdated" : 1582416954000,
    "businessCategory" : {
      "dateCreated" : null,
      "dateUpdated" : null,
      "name" : "Uncategorized",
      "categoryType" : "EXPENSE"
    },
    "personalCategory" : {
      "dateCreated" : null,
      "dateUpdated" : null,
      "name" : "Investments",
      "depth" : 1,
      "categoryType" : "UNKNOWN",
      "custom" : false,
      "hidden" : false
    },
    "user" : {
      "dateCreated" : 1582416490000,
      "dateUpdated" : 1582416491000,
      "authId" : 679121815,
      "email" : "hubertmaxwell34@gmail.com",
      "userName" : "hubertmaxwell34@gmail.com",
      "firstName" : "Hubert",
      "lastName" : "Maxwell",
      "recentLogin" : 1582416491000,
      "previousLogin" : null,
      "lastFtuNagDate" : null,
      "referrerId" : null,
      "roles" : "ROLE_USER",
      "tosAccepted" : true,
      "importMigratedSuccess" : null,
      "channel" : "FDP",
      "testUser" : false,
      "responseLoggingOn" : false,
      "iamNamespace" : "50000003",
      "referrer" : "tto-17",
      "insider" : null,
      "testDrive" : false,
      "locale" : "en_US",
      "provisional" : false,
      "dateMigratedToFDS" : null,
      "migrationBitMap" : null,
      "version" : 1,
      "password" : "",
      "authorities" : [ {
        "authority" : "ROLE_USER"
      } ],
      "enabled" : true,
      "fullName" : "Hubert Maxwell",
      "username" : "hubertmaxwell34@gmail.com",
      "accountNonExpired" : true,
      "accountNonLocked" : true,
      "credentialsNonExpired" : true,
      "authIdAsString" : "679121815"
    },
    "business" : false,
    "targetSplitPercentage" : 0.50,
    "excluded" : false
  } ]
}, {
  "dateCreated" : 1582417045000,
  "dateUpdated" : 1582417045000,
  "sourceAccount" : null,
  "sourceDescription" : "Withdraw - Credit Card",
  "sourceAmount" : null,
  "sourceEffectiveStartDate" : null,
  "sourceEffectiveEndDate" : null,
  "targetBusinessCategory" : {
    "dateCreated" : null,
    "dateUpdated" : null,
    "name" : "Uncategorized",
    "categoryType" : "EXPENSE"
  },
  "targetPersonalCategory" : {
    "dateCreated" : null,
    "dateUpdated" : null,
    "name" : "Uncategorized",
    "depth" : 1,
    "categoryType" : "EXPENSE",
    "custom" : false,
    "hidden" : false
  },
  "targetIsBusiness" : false,
  "targetIsPersonal" : true,
  "active" : true,
  "priority" : 0,
  "forwardLooking" : true,
  "systemRule" : false,
  "partialMatch" : false,
  "sourceFiDescription" : null,
  "incomeOnly" : false,
  "ruleSplits" : [ ]
}, {
  "dateCreated" : 1582417070000,
  "dateUpdated" : 1582417070000,
  "sourceAccount" : null,
  "sourceDescription" : "Direct Robinhood Funds",
  "sourceAmount" : null,
  "sourceEffectiveStartDate" : null,
  "sourceEffectiveEndDate" : null,
  "targetBusinessCategory" : {
    "dateCreated" : null,
    "dateUpdated" : null,
    "name" : "Other business expenses",
    "categoryType" : "EXPENSE"
  },
  "targetPersonalCategory" : {
    "dateCreated" : null,
    "dateUpdated" : null,
    "name" : "Shopping",
    "depth" : 1,
    "categoryType" : "EXPENSE",
    "custom" : false,
    "hidden" : false
  },
  "targetIsBusiness" : true,
  "targetIsPersonal" : false,
  "active" : true,
  "priority" : 0,
  "forwardLooking" : true,
  "systemRule" : false,
  "partialMatch" : false,
  "sourceFiDescription" : null,
  "incomeOnly" : false,
  "ruleSplits" : [ ]
} ]