[ {
  "dateCreated" : 1582416491000,
  "dateUpdated" : 1582988375000,
  "taxYear" : 2019,
  "filingStatus" : "single",
  "maritalStatus" : null,
  "isHeadOfHousehold" : null,
  "isFilingJointly" : null,
  "address" : null,
  "spouseFirstName" : null,
  "spouseLastName" : null,
  "numberOfDependents" : null,
  "w2IncomeSelf" : null,
  "w2IncomeSpouse" : null,
  "useWithholdingSelf" : null,
  "withholdingSelf" : null,
  "useWithholdingSpouse" : null,
  "withholdingSpouse" : null,
  "useItemizedDeduction" : null,
  "itemizedDeduction" : null,
  "taxTotalRequest" : null,
  "homeOfficeAreaInSquareFeet" : null,
  "homeAreaInSquareFeet" : null,
  "ttoPriorScheduleCFilingExists" : null,
  "ttoFilingState" : "EFILED_ACCEPTED",
  "ttoDataExportedDate" : null,
  "ttoProfileExportedDate" : null,
  "ttoAccountEstablisheddDate" : null,
  "ttoDataImportedDate" : null,
  "firstLoginAfterTTPurchase" : 1582416491000,
  "ttoSku" : "64"
} ]