[ {
  "dateCreated" : 1582416915000,
  "dateUpdated" : 1582416915000,
  "guidance" : "MARK_BUSINESS_TYPE_POPOVER",
  "dismissed" : true,
  "expiryDate" : null
}, {
  "dateCreated" : 1582416497000,
  "dateUpdated" : 1582416497000,
  "guidance" : "MARK_DASHBOARD_FTU_MODAL",
  "dismissed" : true,
  "expiryDate" : null
}, {
  "dateCreated" : 1582416933000,
  "dateUpdated" : 1582416933000,
  "guidance" : "MARK_TX_FILTERS_POPOVER",
  "dismissed" : true,
  "expiryDate" : null
}, {
  "dateCreated" : 1582417002000,
  "dateUpdated" : 1582417002000,
  "guidance" : "MARK_PERSONAL_POPOVER",
  "dismissed" : true,
  "expiryDate" : null
}, {
  "dateCreated" : 1582416497000,
  "dateUpdated" : 1582416497000,
  "guidance" : "MARK_TTSE_SHOW_CONTROL_FTU_DONE_TAX_YEAR",
  "dismissed" : true,
  "expiryDate" : "2020-10-16"
}, {
  "dateCreated" : 1582416979000,
  "dateUpdated" : 1582416979000,
  "guidance" : "PERSONAL_CALLOUT_POPOVER_DISMISSED",
  "dismissed" : true,
  "expiryDate" : null
} ]