{"source":"cart","info":"{\"carts\":[{\"checkoutDetails\":{\"email\":\"hubertmaxwell34@gmail.com\",\"paymentMethod\":{},\"billingAddress\":{},\"shippingAddress\":{}}}, {\"checkoutDetails\":{\"email\":\"hubertmaxwell34@gmail.com\",\"paymentMethod\":{},\"billingAddress\":{},\"shippingAddress\":{}}}, {\"checkoutDetails\":{\"email\":\"hubertmaxwell34@gmail.com\",\"paymentMethod\":{},\"billingAddress\":{},\"shippingAddress\":{}}}, {\"checkoutDetails\":{\"email\":\"hubertmaxwell34@gmail.com\",\"paymentMethod\":{},\"billingAddress\":{},\"shippingAddress\":{}}}, {\"checkoutDetails\":{\"email\":\"hubertmaxwell34@gmail.com\",\"paymentMethod\":{},\"billingAddress\":{},\"shippingAddress\":{}}}, {\"checkoutDetails\":{\"email\":\"hubertmaxwell34@gmail.com\",\"paymentMethod\":{},\"billingAddress\":{},\"shippingAddress\":{}}}, {\"checkoutDetails\":{\"email\":\"hubertmaxwell34@gmail.com\",\"paymentMethod\":{},\"billingAddress\":{},\"shippingAddress\":{}}}, {\"checkoutDetails\":{\"email\":\"hubertmaxwell34@gmail.com\",\"paymentMethod\":{},\"billingAddress\":{},\"shippingAddress\":{}}}, {\"checkoutDetails\":{\"email\":\"hubertmaxwell34@gmail.com\",\"paymentMethod\":{},\"billingAddress\":{},\"shippingAddress\":{}}}, {\"checkoutDetails\":{\"email\":\"hubertmaxwell34@gmail.com\",\"paymentMethod\":{},\"billingAddress\":{},\"shippingAddress\":{}}}, {\"checkoutDetails\":{\"email\":\"hubertmaxwell34@gmail.com\",\"paymentMethod\":{},\"billingAddress\":{},\"shippingAddress\":{}}}, {\"checkoutDetails\":{\"email\":\"hubertmaxwell34@gmail.com\",\"paymentMethod\":{},\"billingAddress\":{},\"shippingAddress\":{}}}, {\"checkoutDetails\":{\"email\":\"hubertmaxwell34@gmail.com\",\"paymentMethod\":{},\"billingAddress\":{},\"shippingAddress\":{}}}]}"}