{"source":"cart","info":"{\"carts\":[{\"checkoutDetails\":{\"paymentMethod\":{},\"billingAddress\":{},\"shippingAddress\":{}}}, {\"checkoutDetails\":{\"paymentMethod\":{},\"billingAddress\":{},\"shippingAddress\":{}}}, {\"checkoutDetails\":{\"paymentMethod\":{},\"billingAddress\":{},\"shippingAddress\":{}}}, {\"checkoutDetails\":{\"paymentMethod\":{},\"billingAddress\":{},\"shippingAddress\":{}}}, {\"checkoutDetails\":{\"paymentMethod\":{},\"billingAddress\":{},\"shippingAddress\":{}}}, {\"checkoutDetails\":{\"paymentMethod\":{},\"billingAddress\":{},\"shippingAddress\":{}}}, {\"checkoutDetails\":{\"paymentMethod\":{},\"billingAddress\":{},\"shippingAddress\":{}}}, {\"checkoutDetails\":{\"paymentMethod\":{},\"billingAddress\":{},\"shippingAddress\":{}}}, {\"checkoutDetails\":{\"paymentMethod\":{},\"billingAddress\":{},\"shippingAddress\":{}}}, {\"checkoutDetails\":{\"paymentMethod\":{},\"billingAddress\":{},\"shippingAddress\":{}}}, {\"checkoutDetails\":{\"paymentMethod\":{},\"billingAddress\":{},\"shippingAddress\":{}}}, {\"checkoutDetails\":{\"paymentMethod\":{},\"billingAddress\":{},\"shippingAddress\":{}}}, {\"checkoutDetails\":{\"paymentMethod\":{},\"billingAddress\":{},\"shippingAddress\":{}}}]}"}