{"source":"order","info":"{\"orders\":[{\"orderNumber\":\"EFECC162271674\",\"email\":\"hubertmaxwell34@gmail.com\",\"phone\":\"+18502733609\",\"paymentMethod\":{\"type\":\"REFUND_TRANSFER\",\"paymentAddress\":{\"addressLine1\":\"1023 Delaware St\",\"city\":\"Tallahassee\",\"stateOrProvince\":\"FL\",\"postalCode\":\"323042334\",\"country\":\"US\"}},\"billingAddress\":{\"firstName\":\"Hubert\",\"lastName\":\"Maxwell\",\"addressLine1\":\"1023 Delaware St\",\"city\":\"Tallahassee\",\"stateOrProvince\":\"FL\",\"postalCode\":\"323042334\",\"country\":\"US\"},\"shippingAddress\":{\"firstName\":\"Hubert\",\"lastName\":\"Maxwell\",\"addressLine1\":\"1023 Delaware St\",\"city\":\"Tallahassee\",\"stateOrProvince\":\"FL\",\"postalCode\":\"323042334\",\"country\":\"US\"}}]}"}