authId,filingId,filingType,period.year,app.name,rxTimestamp,postmark
679121815,146115191114,IRS-IIT-FILING,TURBOTAX-ONLINE,Y:2018,2019-02-01 20:07:53,2019-02-01 20:07:53
679121815,146115192114,SBBT-RT-FEATURE,TURBOTAX-ONLINE,Y:2018,2019-02-01 20:07:53,
679121815,146115193114,SPC-RT-FEE-FEATURE,TURBOTAX-ONLINE,Y:2018,2019-02-01 20:07:53,
679121815,146115194114,SPC-FEDSTATE-FEE-FEATURE,TURBOTAX-ONLINE,Y:2018,2019-02-01 20:07:53,
679121815,276207567114,IRS-IIT-FILING,TURBOTAX-ONLINE,Y:2019,2020-02-22 16:07:02,2020-02-22 16:07:02
679121815,276207568114,SBBT-RT-FEATURE,TURBOTAX-ONLINE,Y:2019,2020-02-22 16:07:02,
679121815,276207569114,SPC-RT-FEE-FEATURE,TURBOTAX-ONLINE,Y:2019,2020-02-22 16:07:02,
679121815,276207570114,SPC-FEDSTATE-FEE-FEATURE,TURBOTAX-ONLINE,Y:2019,2020-02-22 16:07:02,
