filingId,timeStamp,filingState,message
146115191114,2019-02-01 20:07:53,0,Your return has been received and will be forwarded to the taxing agency at the appropriate time.
146115191114,2019-02-01 20:08:20,4,Filing changed state to IN_AGENCY
146115191114,2019-02-01 20:30:14,7,Filing changed state to SUCCEEDED_AGENCY
146115192114,2019-02-01 20:08:00,0,Your return has been received and will be forwarded to the taxing agency at the appropriate time.
146115192114,2019-02-01 20:31:22,4,Filing changed state to IN_AGENCY
146115192114,2019-02-01 20:55:29,7,Filing changed state to SUCCEEDED_AGENCY
146115192114,2019-02-01 20:55:29,0,Bank Ack: DR
146115192114,2019-02-26 06:10:43,0,Bank Ack: VI
146115192114,2019-02-26 09:43:59,0,"Bank Ack: A "
146115192114,2019-02-26 15:00:11,0,"Bank Ack: F "
146115193114,2019-02-01 20:08:00,0,Your return has been received and will be forwarded to the taxing agency at the appropriate time.
146115193114,2019-02-01 20:30:34,4,Filing changed state to IN_AGENCY
146115193114,2019-02-01 20:30:35,7,Filing changed state to SUCCEEDED_AGENCY
146115194114,2019-02-01 20:08:00,0,Your return has been received and will be forwarded to the taxing agency at the appropriate time.
146115194114,2019-02-01 20:31:04,4,Filing changed state to IN_AGENCY
146115194114,2019-02-01 20:31:04,7,Filing changed state to SUCCEEDED_AGENCY
276207567114,2020-02-22 16:07:02,0,Your return has been received and will be forwarded to the taxing agency at the appropriate time.
276207567114,2020-02-22 16:07:27,4,Filing changed state to IN_AGENCY
276207567114,2020-02-22 16:39:21,7,Filing changed state to SUCCEEDED_AGENCY
276207568114,2020-02-22 16:07:15,0,Your return has been received and will be forwarded to the taxing agency at the appropriate time.
276207568114,2020-02-22 16:07:15,0,IRS-IIT-FILING : Pending EF Accept
276207568114,2020-02-22 16:39:21,0,IRS-IIT-FILING : Pending Transmit to Bank
276207568114,2020-02-22 16:40:20,4,Filing changed state to IN_AGENCY
276207568114,2020-02-22 16:40:20,0,IRS-IIT-FILING : Transmitted to Bank
276207568114,2020-02-23 03:55:18,7,Filing changed state to SUCCEEDED_AGENCY
276207568114,2020-02-23 03:55:18,0,Bank Ack: DR
276207568114,2020-02-23 03:55:18,0,IRS-IIT-FILING : Pending Refund from IRS/State
276207568114,2020-02-28 11:57:10,0,Bank Ack: VI
276207568114,2020-02-28 11:57:10,0,"IRS-IIT-FILING : Funded By IRS/State add attributes: [TotalFundedAmount, LatestFundedDate]"
276207568114,2020-03-02 23:50:10,0,"Bank Ack: F "
276207568114,2020-03-02 23:50:10,0,"IRS-IIT-FILING : Fees Disbursed add attributes: [TotalFeesPaid, FeesPaidDate, MEFINTotalFeesPaid]"
276207568114,2020-03-03 03:36:20,0,"Bank Ack: A "
276207568114,2020-03-03 03:36:20,0,IRS-IIT-FILING : Deposited By Bank add disbursement 54264506 : Deposited By Bank
276207569114,2020-02-22 16:07:15,0,Your return has been received and will be forwarded to the taxing agency at the appropriate time.
276207569114,2020-02-22 16:39:22,7,Filing changed state to SUCCEEDED_AGENCY
276207570114,2020-02-22 16:07:15,0,Your return has been received and will be forwarded to the taxing agency at the appropriate time.
276207570114,2020-02-22 16:39:21,4,Filing changed state to IN_AGENCY
276207570114,2020-02-22 16:39:22,7,Filing changed state to SUCCEEDED_AGENCY
